NodeID,Timestamp,Value
s1_h1,140,1
s2_h1,140,4
s3_h1,140,2
s4_h1,140,1
s1_f1,140,1
s2_f1,140,1
s3_f1,140,1
s4_f1,140,1
s1_h2,140,1
s2_h2,140,1
s3_h2,140,1
s4_h2,140,1
s1_f2,140,1
s2_f2,140,1
s3_f2,140,1
s4_f2,140,1
s1_h3,140,5
s2_h3,140,5
s3_h3,140,6
s4_h3,140,3
s1_f3,140,1
s2_f3,140,1
s3_f3,140,1
s4_f3,140,1
s1_h4,140,1
s2_h4,140,1
s3_h4,140,1
s4_h4,140,1
s1_f4,140,1
s2_f4,140,1
s3_f4,140,1
s4_f4,140,1
s1_h5,140,7
s2_h5,140,9
s3_h5,140,10
s4_h5,140,8
s1_f5,140,8
s2_f5,140,9
s3_f5,140,10
s4_f5,140,8
s1_h1,280,2
s2_h1,280,5
s3_h1,280,3
s4_h1,280,2
s1_f1,280,1
s2_f1,280,1
s3_f1,280,1
s4_f1,280,1
s1_h2,280,1
s2_h2,280,1
s3_h2,280,1
s4_h2,280,1
s1_f2,280,1
s2_f2,280,1
s3_f2,280,1
s4_f2,280,1
s1_h3,280,1
s2_h3,280,1
s3_h3,280,1
s4_h3,280,1
s1_f3,280,1
s2_f3,280,1
s3_f3,280,1
s4_f3,280,1
s1_h4,280,1
s2_h4,280,1
s3_h4,280,1
s4_h4,280,1
s1_f4,280,1
s2_f4,280,1
s3_f4,280,1
s4_f4,280,1
s1_h5,280,1
s2_h5,280,1
s3_h5,280,1
s4_h5,280,1
s1_f5,280,1
s2_f5,280,1
s3_f5,280,1
s4_f5,280,1
s1_h1,420,1
s2_h1,420,2
s3_h1,420,1
s4_h1,420,1
s1_f1,420,1
s2_f1,420,1
s3_f1,420,1
s4_f1,420,1
s1_h2,420,1
s2_h2,420,1
s3_h2,420,1
s4_h2,420,1
s1_f2,420,1
s2_f2,420,1
s3_f2,420,1
s4_f2,420,1
s1_h3,420,1
s2_h3,420,1
s3_h3,420,1
s4_h3,420,1
s1_f3,420,1
s2_f3,420,1
s3_f3,420,1
s4_f3,420,1
s1_h4,420,1
s2_h4,420,1
s3_h4,420,1
s4_h4,420,1
s1_f4,420,1
s2_f4,420,1
s3_f4,420,1
s4_f4,420,1
s1_h5,420,1
s2_h5,420,1
s3_h5,420,1
s4_h5,420,1
s1_f5,420,1
s2_f5,420,1
s3_f5,420,1
s4_f5,420,1
s1_h1,560,2
s2_h1,560,3
s3_h1,560,2
s4_h1,560,2
s1_f1,560,1
s2_f1,560,1
s3_f1,560,1
s4_f1,560,1
s1_h2,560,1
s2_h2,560,1
s3_h2,560,1
s4_h2,560,1
s1_f2,560,1
s2_f2,560,1
s3_f2,560,1
s4_f2,560,1
s1_h3,560,1
s2_h3,560,1
s3_h3,560,1
s4_h3,560,1
s1_f3,560,1
s2_f3,560,1
s3_f3,560,1
s4_f3,560,1
s1_h4,560,1
s2_h4,560,1
s3_h4,560,1
s4_h4,560,1
s1_f4,560,1
s2_f4,560,1
s3_f4,560,1
s4_f4,560,1
s1_h5,560,1
s2_h5,560,1
s3_h5,560,1
s4_h5,560,1
s1_f5,560,1
s2_f5,560,1
s3_f5,560,1
s4_f5,560,1
s1_h1,700,3
s2_h1,700,4
s3_h1,700,3
s4_h1,700,3
s1_f1,700,1
s2_f1,700,1
s3_f1,700,1
s4_f1,700,1
s1_h2,700,1
s2_h2,700,1
s3_h2,700,1
s4_h2,700,1
s1_f2,700,1
s2_f2,700,1
s3_f2,700,1
s4_f2,700,1
s1_h3,700,1
s2_h3,700,1
s3_h3,700,1
s4_h3,700,1
s1_f3,700,1
s2_f3,700,1
s3_f3,700,1
s4_f3,700,1
s1_h4,700,1
s2_h4,700,1
s3_h4,700,1
s4_h4,700,1
s1_f4,700,1
s2_f4,700,1
s3_f4,700,1
s4_f4,700,1
s1_h5,700,2
s2_h5,700,2
s3_h5,700,2
s4_h5,700,2
s1_f5,700,1
s2_f5,700,1
s3_f5,700,1
s4_f5,700,1
s1_h1,840,4
s2_h1,840,5
s3_h1,840,4
s4_h1,840,4
s1_f1,840,1
s2_f1,840,1
s3_f1,840,1
s4_f1,840,1
s1_h2,840,1
s2_h2,840,1
s3_h2,840,1
s4_h2,840,1
s1_f2,840,1
s2_f2,840,1
s3_f2,840,1
s4_f2,840,1
s1_h3,840,1
s2_h3,840,1
s3_h3,840,1
s4_h3,840,1
s1_f3,840,1
s2_f3,840,1
s3_f3,840,1
s4_f3,840,1
s1_h4,840,1
s2_h4,840,1
s3_h4,840,1
s4_h4,840,1
s1_f4,840,1
s2_f4,840,1
s3_f4,840,1
s4_f4,840,1
s1_h5,840,1
s2_h5,840,1
s3_h5,840,1
s4_h5,840,1
s1_f5,840,1
s2_f5,840,1
s3_f5,840,1
s4_f5,840,1
s1_h1,980,4
s2_h1,980,5
s3_h1,980,4
s4_h1,980,4
s1_f1,980,1
s2_f1,980,1
s3_f1,980,1
s4_f1,980,1
s1_h2,980,1
s2_h2,980,1
s3_h2,980,1
s4_h2,980,1
s1_f2,980,1
s2_f2,980,1
s3_f2,980,1
s4_f2,980,1
s1_h3,980,1
s2_h3,980,1
s3_h3,980,1
s4_h3,980,1
s1_f3,980,1
s2_f3,980,1
s3_f3,980,1
s4_f3,980,1
s1_h4,980,1
s2_h4,980,1
s3_h4,980,1
s4_h4,980,1
s1_f4,980,1
s2_f4,980,1
s3_f4,980,1
s4_f4,980,1
s1_h5,980,1
s2_h5,980,1
s3_h5,980,1
s4_h5,980,1
s1_f5,980,1
s2_f5,980,1
s3_f5,980,1
s4_f5,980,1
s1_h1,1120,5
s2_h1,1120,6
s3_h1,1120,5
s4_h1,1120,5
s1_f1,1120,1
s2_f1,1120,1
s3_f1,1120,1
s4_f1,1120,1
s1_h2,1120,1
s2_h2,1120,1
s3_h2,1120,1
s4_h2,1120,1
s1_f2,1120,1
s2_f2,1120,1
s3_f2,1120,1
s4_f2,1120,1
s1_h3,1120,1
s2_h3,1120,1
s3_h3,1120,1
s4_h3,1120,1
s1_f3,1120,1
s2_f3,1120,1
s3_f3,1120,1
s4_f3,1120,1
s1_h4,1120,1
s2_h4,1120,1
s3_h4,1120,1
s4_h4,1120,1
s1_f4,1120,1
s2_f4,1120,1
s3_f4,1120,1
s4_f4,1120,1
s1_h5,1120,1
s2_h5,1120,1
s3_h5,1120,1
s4_h5,1120,1
s1_f5,1120,1
s2_f5,1120,1
s3_f5,1120,1
s4_f5,1120,1
s1_h1,1260,6
s2_h1,1260,7
s3_h1,1260,6
s4_h1,1260,6
s1_f1,1260,1
s2_f1,1260,1
s3_f1,1260,1
s4_f1,1260,1
s1_h2,1260,2
s2_h2,1260,2
s3_h2,1260,2
s4_h2,1260,2
s1_f2,1260,1
s2_f2,1260,1
s3_f2,1260,1
s4_f2,1260,1
s1_h3,1260,1
s2_h3,1260,1
s3_h3,1260,1
s4_h3,1260,1
s1_f3,1260,1
s2_f3,1260,1
s3_f3,1260,1
s4_f3,1260,1
s1_h4,1260,1
s2_h4,1260,1
s3_h4,1260,1
s4_h4,1260,1
s1_f4,1260,1
s2_f4,1260,1
s3_f4,1260,1
s4_f4,1260,1
s1_h5,1260,2
s2_h5,1260,2
s3_h5,1260,2
s4_h5,1260,2
s1_f5,1260,1
s2_f5,1260,1
s3_f5,1260,1
s4_f5,1260,1
s1_h1,1400,7
s2_h1,1400,8
s3_h1,1400,7
s4_h1,1400,7
s1_f1,1400,1
s2_f1,1400,1
s3_f1,1400,1
s4_f1,1400,1
s1_h2,1400,1
s2_h2,1400,1
s3_h2,1400,1
s4_h2,1400,1
s1_f2,1400,1
s2_f2,1400,1
s3_f2,1400,1
s4_f2,1400,1
s1_h3,1400,1
s2_h3,1400,1
s3_h3,1400,1
s4_h3,1400,1
s1_f3,1400,1
s2_f3,1400,1
s3_f3,1400,1
s4_f3,1400,1
s1_h4,1400,1
s2_h4,1400,1
s3_h4,1400,1
s4_h4,1400,1
s1_f4,1400,1
s2_f4,1400,1
s3_f4,1400,1
s4_f4,1400,1
s1_h5,1400,1
s2_h5,1400,1
s3_h5,1400,1
s4_h5,1400,1
s1_f5,1400,1
s2_f5,1400,1
s3_f5,1400,1
s4_f5,1400,1
s1_h1,1540,8
s2_h1,1540,9
s3_h1,1540,8
s4_h1,1540,8
s1_f1,1540,1
s2_f1,1540,1
s3_f1,1540,1
s4_f1,1540,1
s1_h2,1540,1
s2_h2,1540,1
s3_h2,1540,1
s4_h2,1540,1
s1_f2,1540,1
s2_f2,1540,1
s3_f2,1540,1
s4_f2,1540,1
s1_h3,1540,1
s2_h3,1540,1
s3_h3,1540,1
s4_h3,1540,1
s1_f3,1540,1
s2_f3,1540,1
s3_f3,1540,1
s4_f3,1540,1
s1_h4,1540,1
s2_h4,1540,1
s3_h4,1540,1
s4_h4,1540,1
s1_f4,1540,1
s2_f4,1540,1
s3_f4,1540,1
s4_f4,1540,1
s1_h5,1540,2
s2_h5,1540,2
s3_h5,1540,2
s4_h5,1540,2
s1_f5,1540,1
s2_f5,1540,1
s3_f5,1540,1
s4_f5,1540,1
s1_h1,1680,9
s2_h1,1680,10
s3_h1,1680,9
s4_h1,1680,9
s1_f1,1680,1
s2_f1,1680,1
s3_f1,1680,1
s4_f1,1680,1
s1_h2,1680,1
s2_h2,1680,1
s3_h2,1680,1
s4_h2,1680,1
s1_f2,1680,1
s2_f2,1680,1
s3_f2,1680,1
s4_f2,1680,1
s1_h3,1680,1
s2_h3,1680,1
s3_h3,1680,1
s4_h3,1680,1
s1_f3,1680,1
s2_f3,1680,1
s3_f3,1680,1
s4_f3,1680,1
s1_h4,1680,1
s2_h4,1680,1
s3_h4,1680,1
s4_h4,1680,1
s1_f4,1680,1
s2_f4,1680,1
s3_f4,1680,1
s4_f4,1680,1
s1_h5,1680,1
s2_h5,1680,1
s3_h5,1680,1
s4_h5,1680,1
s1_f5,1680,1
s2_f5,1680,1
s3_f5,1680,1
s4_f5,1680,1
s1_h1,1820,10
s2_h1,1820,11
s3_h1,1820,10
s4_h1,1820,10
s1_f1,1820,1
s2_f1,1820,1
s3_f1,1820,1
s4_f1,1820,1
s1_h2,1820,1
s2_h2,1820,1
s3_h2,1820,1
s4_h2,1820,1
s1_f2,1820,1
s2_f2,1820,1
s3_f2,1820,1
s4_f2,1820,1
s1_h3,1820,1
s2_h3,1820,1
s3_h3,1820,1
s4_h3,1820,1
s1_f3,1820,1
s2_f3,1820,1
s3_f3,1820,1
s4_f3,1820,1
s1_h4,1820,1
s2_h4,1820,1
s3_h4,1820,1
s4_h4,1820,1
s1_f4,1820,1
s2_f4,1820,1
s3_f4,1820,1
s4_f4,1820,1
s1_h5,1820,1
s2_h5,1820,1
s3_h5,1820,1
s4_h5,1820,1
s1_f5,1820,1
s2_f5,1820,1
s3_f5,1820,1
s4_f5,1820,1
s1_h1,1960,11
s2_h1,1960,12
s3_h1,1960,11
s4_h1,1960,11
s1_f1,1960,1
s2_f1,1960,1
s3_f1,1960,1
s4_f1,1960,1
s1_h2,1960,1
s2_h2,1960,1
s3_h2,1960,1
s4_h2,1960,1
s1_f2,1960,1
s2_f2,1960,1
s3_f2,1960,1
s4_f2,1960,1
s1_h3,1960,1
s2_h3,1960,1
s3_h3,1960,1
s4_h3,1960,1
s1_f3,1960,1
s2_f3,1960,1
s3_f3,1960,1
s4_f3,1960,1
s1_h4,1960,1
s2_h4,1960,1
s3_h4,1960,1
s4_h4,1960,1
s1_f4,1960,1
s2_f4,1960,1
s3_f4,1960,1
s4_f4,1960,1
s1_h5,1960,1
s2_h5,1960,1
s3_h5,1960,1
s4_h5,1960,1
s1_f5,1960,1
s2_f5,1960,1
s3_f5,1960,1
s4_f5,1960,1
s1_h1,2100,12
s2_h1,2100,13
s3_h1,2100,12
s4_h1,2100,12
s1_f1,2100,1
s2_f1,2100,1
s3_f1,2100,1
s4_f1,2100,1
s1_h2,2100,1
s2_h2,2100,1
s3_h2,2100,1
s4_h2,2100,1
s1_f2,2100,1
s2_f2,2100,1
s3_f2,2100,1
s4_f2,2100,1
s1_h3,2100,1
s2_h3,2100,1
s3_h3,2100,1
s4_h3,2100,1
s1_f3,2100,1
s2_f3,2100,1
s3_f3,2100,1
s4_f3,2100,1
s1_h4,2100,1
s2_h4,2100,1
s3_h4,2100,1
s4_h4,2100,1
s1_f4,2100,1
s2_f4,2100,1
s3_f4,2100,1
s4_f4,2100,1
s1_h5,2100,1
s2_h5,2100,1
s3_h5,2100,1
s4_h5,2100,1
s1_f5,2100,1
s2_f5,2100,1
s3_f5,2100,1
s4_f5,2100,1
s1_h1,2240,13
s2_h1,2240,14
s3_h1,2240,13
s4_h1,2240,13
s1_f1,2240,1
s2_f1,2240,1
s3_f1,2240,1
s4_f1,2240,1
s1_h2,2240,1
s2_h2,2240,1
s3_h2,2240,1
s4_h2,2240,1
s1_f2,2240,1
s2_f2,2240,1
s3_f2,2240,1
s4_f2,2240,1
s1_h3,2240,2
s2_h3,2240,2
s3_h3,2240,2
s4_h3,2240,2
s1_f3,2240,1
s2_f3,2240,1
s3_f3,2240,1
s4_f3,2240,1
s1_h4,2240,1
s2_h4,2240,1
s3_h4,2240,1
s4_h4,2240,1
s1_f4,2240,1
s2_f4,2240,1
s3_f4,2240,1
s4_f4,2240,1
s1_h5,2240,2
s2_h5,2240,2
s3_h5,2240,2
s4_h5,2240,2
s1_f5,2240,1
s2_f5,2240,1
s3_f5,2240,1
s4_f5,2240,1
s1_h1,2380,14
s2_h1,2380,15
s3_h1,2380,14
s4_h1,2380,14
s1_f1,2380,1
s2_f1,2380,1
s3_f1,2380,1
s4_f1,2380,1
s1_h2,2380,1
s2_h2,2380,1
s3_h2,2380,1
s4_h2,2380,1
s1_f2,2380,1
s2_f2,2380,1
s3_f2,2380,1
s4_f2,2380,1
s1_h3,2380,1
s2_h3,2380,1
s3_h3,2380,1
s4_h3,2380,1
s1_f3,2380,1
s2_f3,2380,1
s3_f3,2380,1
s4_f3,2380,1
s1_h4,2380,1
s2_h4,2380,1
s3_h4,2380,1
s4_h4,2380,1
s1_f4,2380,1
s2_f4,2380,1
s3_f4,2380,1
s4_f4,2380,1
s1_h5,2380,1
s2_h5,2380,1
s3_h5,2380,1
s4_h5,2380,1
s1_f5,2380,1
s2_f5,2380,1
s3_f5,2380,1
s4_f5,2380,1
s1_h1,2520,15
s2_h1,2520,16
s3_h1,2520,15
s4_h1,2520,15
s1_f1,2520,1
s2_f1,2520,1
s3_f1,2520,1
s4_f1,2520,1
s1_h2,2520,1
s2_h2,2520,1
s3_h2,2520,1
s4_h2,2520,1
s1_f2,2520,1
s2_f2,2520,1
s3_f2,2520,1
s4_f2,2520,1
s1_h3,2520,1
s2_h3,2520,1
s3_h3,2520,1
s4_h3,2520,1
s1_f3,2520,1
s2_f3,2520,1
s3_f3,2520,1
s4_f3,2520,1
s1_h4,2520,1
s2_h4,2520,1
s3_h4,2520,1
s4_h4,2520,1
s1_f4,2520,1
s2_f4,2520,1
s3_f4,2520,1
s4_f4,2520,1
s1_h5,2520,1
s2_h5,2520,1
s3_h5,2520,1
s4_h5,2520,1
s1_f5,2520,1
s2_f5,2520,1
s3_f5,2520,1
s4_f5,2520,1
s1_h1,2660,16
s2_h1,2660,17
s3_h1,2660,16
s4_h1,2660,16
s1_f1,2660,1
s2_f1,2660,1
s3_f1,2660,1
s4_f1,2660,1
s1_h2,2660,1
s2_h2,2660,1
s3_h2,2660,1
s4_h2,2660,1
s1_f2,2660,1
s2_f2,2660,1
s3_f2,2660,1
s4_f2,2660,1
s1_h3,2660,1
s2_h3,2660,1
s3_h3,2660,1
s4_h3,2660,1
s1_f3,2660,1
s2_f3,2660,1
s3_f3,2660,1
s4_f3,2660,1
s1_h4,2660,1
s2_h4,2660,1
s3_h4,2660,1
s4_h4,2660,1
s1_f4,2660,1
s2_f4,2660,1
s3_f4,2660,1
s4_f4,2660,1
s1_h5,2660,1
s2_h5,2660,1
s3_h5,2660,1
s4_h5,2660,1
s1_f5,2660,1
s2_f5,2660,1
s3_f5,2660,1
s4_f5,2660,1
s1_h1,2800,17
s2_h1,2800,18
s3_h1,2800,17
s4_h1,2800,17
s1_f1,2800,1
s2_f1,2800,1
s3_f1,2800,1
s4_f1,2800,1
s1_h2,2800,1
s2_h2,2800,1
s3_h2,2800,1
s4_h2,2800,1
s1_f2,2800,1
s2_f2,2800,1
s3_f2,2800,1
s4_f2,2800,1
s1_h3,2800,1
s2_h3,2800,1
s3_h3,2800,1
s4_h3,2800,1
s1_f3,2800,1
s2_f3,2800,1
s3_f3,2800,1
s4_f3,2800,1
s1_h4,2800,1
s2_h4,2800,1
s3_h4,2800,1
s4_h4,2800,1
s1_f4,2800,1
s2_f4,2800,1
s3_f4,2800,1
s4_f4,2800,1
s1_h5,2800,1
s2_h5,2800,1
s3_h5,2800,1
s4_h5,2800,1
s1_f5,2800,1
s2_f5,2800,1
s3_f5,2800,1
s4_f5,2800,1
s1_h1,2940,18
s2_h1,2940,19
s3_h1,2940,18
s4_h1,2940,18
s1_f1,2940,1
s2_f1,2940,1
s3_f1,2940,1
s4_f1,2940,1
s1_h2,2940,1
s2_h2,2940,1
s3_h2,2940,1
s4_h2,2940,1
s1_f2,2940,1
s2_f2,2940,1
s3_f2,2940,1
s4_f2,2940,1
s1_h3,2940,1
s2_h3,2940,1
s3_h3,2940,1
s4_h3,2940,1
s1_f3,2940,1
s2_f3,2940,1
s3_f3,2940,1
s4_f3,2940,1
s1_h4,2940,1
s2_h4,2940,1
s3_h4,2940,1
s4_h4,2940,1
s1_f4,2940,1
s2_f4,2940,1
s3_f4,2940,1
s4_f4,2940,1
s1_h5,2940,1
s2_h5,2940,1
s3_h5,2940,1
s4_h5,2940,1
s1_f5,2940,1
s2_f5,2940,1
s3_f5,2940,1
s4_f5,2940,1
s1_h1,3080,19
s2_h1,3080,20
s3_h1,3080,19
s4_h1,3080,19
s1_f1,3080,1
s2_f1,3080,1
s3_f1,3080,1
s4_f1,3080,1
s1_h2,3080,1
s2_h2,3080,1
s3_h2,3080,1
s4_h2,3080,1
s1_f2,3080,1
s2_f2,3080,1
s3_f2,3080,1
s4_f2,3080,1
s1_h3,3080,1
s2_h3,3080,1
s3_h3,3080,1
s4_h3,3080,1
s1_f3,3080,1
s2_f3,3080,1
s3_f3,3080,1
s4_f3,3080,1
s1_h4,3080,1
s2_h4,3080,1
s3_h4,3080,1
s4_h4,3080,1
s1_f4,3080,1
s2_f4,3080,1
s3_f4,3080,1
s4_f4,3080,1
s1_h5,3080,1
s2_h5,3080,1
s3_h5,3080,1
s4_h5,3080,1
s1_f5,3080,1
s2_f5,3080,1
s3_f5,3080,1
s4_f5,3080,1
s1_h1,3220,20
s2_h1,3220,21
s3_h1,3220,20
s4_h1,3220,20
s1_f1,3220,1
s2_f1,3220,1
s3_f1,3220,1
s4_f1,3220,1
s1_h2,3220,1
s2_h2,3220,1
s3_h2,3220,1
s4_h2,3220,1
s1_f2,3220,1
s2_f2,3220,1
s3_f2,3220,1
s4_f2,3220,1
s1_h3,3220,1
s2_h3,3220,1
s3_h3,3220,1
s4_h3,3220,1
s1_f3,3220,1
s2_f3,3220,1
s3_f3,3220,1
s4_f3,3220,1
s1_h4,3220,1
s2_h4,3220,1
s3_h4,3220,1
s4_h4,3220,1
s1_f4,3220,1
s2_f4,3220,1
s3_f4,3220,1
s4_f4,3220,1
s1_h5,3220,1
s2_h5,3220,1
s3_h5,3220,1
s4_h5,3220,1
s1_f5,3220,1
s2_f5,3220,1
s3_f5,3220,1
s4_f5,3220,1
s1_h1,3360,21
s2_h1,3360,22
s3_h1,3360,21
s4_h1,3360,21
s1_f1,3360,1
s2_f1,3360,1
s3_f1,3360,1
s4_f1,3360,1
s1_h2,3360,1
s2_h2,3360,1
s3_h2,3360,1
s4_h2,3360,1
s1_f2,3360,1
s2_f2,3360,1
s3_f2,3360,1
s4_f2,3360,1
s1_h3,3360,1
s2_h3,3360,1
s3_h3,3360,1
s4_h3,3360,1
s1_f3,3360,1
s2_f3,3360,1
s3_f3,3360,1
s4_f3,3360,1
s1_h4,3360,1
s2_h4,3360,1
s3_h4,3360,1
s4_h4,3360,1
s1_f4,3360,1
s2_f4,3360,1
s3_f4,3360,1
s4_f4,3360,1
s1_h5,3360,2
s2_h5,3360,2
s3_h5,3360,2
s4_h5,3360,2
s1_f5,3360,1
s2_f5,3360,1
s3_f5,3360,1
s4_f5,3360,1
s1_h1,3500,22
s2_h1,3500,23
s3_h1,3500,22
s4_h1,3500,22
s1_f1,3500,1
s2_f1,3500,1
s3_f1,3500,1
s4_f1,3500,1
s1_h2,3500,1
s2_h2,3500,1
s3_h2,3500,1
s4_h2,3500,1
s1_f2,3500,1
s2_f2,3500,1
s3_f2,3500,1
s4_f2,3500,1
s1_h3,3500,1
s2_h3,3500,1
s3_h3,3500,1
s4_h3,3500,1
s1_f3,3500,1
s2_f3,3500,1
s3_f3,3500,1
s4_f3,3500,1
s1_h4,3500,1
s2_h4,3500,1
s3_h4,3500,1
s4_h4,3500,1
s1_f4,3500,1
s2_f4,3500,1
s3_f4,3500,1
s4_f4,3500,1
s1_h5,3500,1
s2_h5,3500,1
s3_h5,3500,1
s4_h5,3500,1
s1_f5,3500,1
s2_f5,3500,1
s3_f5,3500,1
s4_f5,3500,1
s1_h1,3640,23
s2_h1,3640,24
s3_h1,3640,23
s4_h1,3640,23
s1_f1,3640,1
s2_f1,3640,1
s3_f1,3640,1
s4_f1,3640,1
s1_h2,3640,1
s2_h2,3640,1
s3_h2,3640,1
s4_h2,3640,1
s1_f2,3640,1
s2_f2,3640,1
s3_f2,3640,1
s4_f2,3640,1
s1_h3,3640,1
s2_h3,3640,1
s3_h3,3640,1
s4_h3,3640,1
s1_f3,3640,1
s2_f3,3640,1
s3_f3,3640,1
s4_f3,3640,1
s1_h4,3640,1
s2_h4,3640,1
s3_h4,3640,1
s4_h4,3640,1
s1_f4,3640,1
s2_f4,3640,1
s3_f4,3640,1
s4_f4,3640,1
s1_h5,3640,1
s2_h5,3640,1
s3_h5,3640,1
s4_h5,3640,1
s1_f5,3640,1
s2_f5,3640,1
s3_f5,3640,1
s4_f5,3640,1
s1_h1,3780,24
s2_h1,3780,25
s3_h1,3780,24
s4_h1,3780,24
s1_f1,3780,1
s2_f1,3780,1
s3_f1,3780,1
s4_f1,3780,1
s1_h2,3780,1
s2_h2,3780,1
s3_h2,3780,1
s4_h2,3780,1
s1_f2,3780,1
s2_f2,3780,1
s3_f2,3780,1
s4_f2,3780,1
s1_h3,3780,1
s2_h3,3780,1
s3_h3,3780,1
s4_h3,3780,1
s1_f3,3780,1
s2_f3,3780,1
s3_f3,3780,1
s4_f3,3780,1
s1_h4,3780,1
s2_h4,3780,1
s3_h4,3780,1
s4_h4,3780,1
s1_f4,3780,1
s2_f4,3780,1
s3_f4,3780,1
s4_f4,3780,1
s1_h5,3780,2
s2_h5,3780,2
s3_h5,3780,2
s4_h5,3780,2
s1_f5,3780,1
s2_f5,3780,1
s3_f5,3780,1
s4_f5,3780,1
s1_h1,3920,25
s2_h1,3920,26
s3_h1,3920,25
s4_h1,3920,25
s1_f1,3920,1
s2_f1,3920,1
s3_f1,3920,1
s4_f1,3920,1
s1_h2,3920,1
s2_h2,3920,1
s3_h2,3920,1
s4_h2,3920,1
s1_f2,3920,1
s2_f2,3920,1
s3_f2,3920,1
s4_f2,3920,1
s1_h3,3920,1
s2_h3,3920,1
s3_h3,3920,1
s4_h3,3920,1
s1_f3,3920,1
s2_f3,3920,1
s3_f3,3920,1
s4_f3,3920,1
s1_h4,3920,1
s2_h4,3920,1
s3_h4,3920,1
s4_h4,3920,1
s1_f4,3920,1
s2_f4,3920,1
s3_f4,3920,1
s4_f4,3920,1
s1_h5,3920,1
s2_h5,3920,1
s3_h5,3920,1
s4_h5,3920,1
s1_f5,3920,1
s2_f5,3920,1
s3_f5,3920,1
s4_f5,3920,1
s1_h1,4060,26
s2_h1,4060,27
s3_h1,4060,26
s4_h1,4060,26
s1_f1,4060,1
s2_f1,4060,1
s3_f1,4060,1
s4_f1,4060,1
s1_h2,4060,1
s2_h2,4060,1
s3_h2,4060,1
s4_h2,4060,1
s1_f2,4060,1
s2_f2,4060,1
s3_f2,4060,1
s4_f2,4060,1
s1_h3,4060,1
s2_h3,4060,1
s3_h3,4060,1
s4_h3,4060,1
s1_f3,4060,1
s2_f3,4060,1
s3_f3,4060,1
s4_f3,4060,1
s1_h4,4060,1
s2_h4,4060,1
s3_h4,4060,1
s4_h4,4060,1
s1_f4,4060,1
s2_f4,4060,1
s3_f4,4060,1
s4_f4,4060,1
s1_h5,4060,2
s2_h5,4060,2
s3_h5,4060,2
s4_h5,4060,2
s1_f5,4060,1
s2_f5,4060,1
s3_f5,4060,1
s4_f5,4060,1
s1_h1,4200,27
s2_h1,4200,28
s3_h1,4200,27
s4_h1,4200,27
s1_f1,4200,1
s2_f1,4200,1
s3_f1,4200,1
s4_f1,4200,1
s1_h2,4200,2
s2_h2,4200,2
s3_h2,4200,2
s4_h2,4200,2
s1_f2,4200,1
s2_f2,4200,1
s3_f2,4200,1
s4_f2,4200,1
s1_h3,4200,1
s2_h3,4200,1
s3_h3,4200,1
s4_h3,4200,1
s1_f3,4200,1
s2_f3,4200,1
s3_f3,4200,1
s4_f3,4200,1
s1_h4,4200,1
s2_h4,4200,1
s3_h4,4200,1
s4_h4,4200,1
s1_f4,4200,1
s2_f4,4200,1
s3_f4,4200,1
s4_f4,4200,1
s1_h5,4200,1
s2_h5,4200,1
s3_h5,4200,1
s4_h5,4200,1
s1_f5,4200,1
s2_f5,4200,1
s3_f5,4200,1
s4_f5,4200,1
s1_h1,4340,28
s2_h1,4340,29
s3_h1,4340,28
s4_h1,4340,28
s1_f1,4340,1
s2_f1,4340,1
s3_f1,4340,1
s4_f1,4340,1
s1_h2,4340,1
s2_h2,4340,1
s3_h2,4340,1
s4_h2,4340,1
s1_f2,4340,1
s2_f2,4340,1
s3_f2,4340,1
s4_f2,4340,1
s1_h3,4340,1
s2_h3,4340,1
s3_h3,4340,1
s4_h3,4340,1
s1_f3,4340,1
s2_f3,4340,1
s3_f3,4340,1
s4_f3,4340,1
s1_h4,4340,1
s2_h4,4340,1
s3_h4,4340,1
s4_h4,4340,1
s1_f4,4340,1
s2_f4,4340,1
s3_f4,4340,1
s4_f4,4340,1
s1_h5,4340,1
s2_h5,4340,1
s3_h5,4340,1
s4_h5,4340,1
s1_f5,4340,1
s2_f5,4340,1
s3_f5,4340,1
s4_f5,4340,1
s1_h1,4480,29
s2_h1,4480,30
s3_h1,4480,29
s4_h1,4480,29
s1_f1,4480,1
s2_f1,4480,1
s3_f1,4480,1
s4_f1,4480,1
s1_h2,4480,1
s2_h2,4480,1
s3_h2,4480,1
s4_h2,4480,1
s1_f2,4480,1
s2_f2,4480,1
s3_f2,4480,1
s4_f2,4480,1
s1_h3,4480,1
s2_h3,4480,1
s3_h3,4480,1
s4_h3,4480,1
s1_f3,4480,1
s2_f3,4480,1
s3_f3,4480,1
s4_f3,4480,1
s1_h4,4480,1
s2_h4,4480,1
s3_h4,4480,1
s4_h4,4480,1
s1_f4,4480,1
s2_f4,4480,1
s3_f4,4480,1
s4_f4,4480,1
s1_h5,4480,1
s2_h5,4480,1
s3_h5,4480,1
s4_h5,4480,1
s1_f5,4480,1
s2_f5,4480,1
s3_f5,4480,1
s4_f5,4480,1
s1_h1,4620,30
s2_h1,4620,31
s3_h1,4620,30
s4_h1,4620,30
s1_f1,4620,1
s2_f1,4620,1
s3_f1,4620,1
s4_f1,4620,1
s1_h2,4620,1
s2_h2,4620,1
s3_h2,4620,1
s4_h2,4620,1
s1_f2,4620,1
s2_f2,4620,1
s3_f2,4620,1
s4_f2,4620,1
s1_h3,4620,1
s2_h3,4620,1
s3_h3,4620,1
s4_h3,4620,1
s1_f3,4620,1
s2_f3,4620,1
s3_f3,4620,1
s4_f3,4620,1
s1_h4,4620,2
s2_h4,4620,2
s3_h4,4620,2
s4_h4,4620,2
s1_f4,4620,1
s2_f4,4620,1
s3_f4,4620,1
s4_f4,4620,1
s1_h5,4620,2
s2_h5,4620,2
s3_h5,4620,2
s4_h5,4620,2
s1_f5,4620,1
s2_f5,4620,1
s3_f5,4620,1
s4_f5,4620,1
s1_h1,4760,31
s2_h1,4760,32
s3_h1,4760,31
s4_h1,4760,31
s1_f1,4760,1
s2_f1,4760,1
s3_f1,4760,1
s4_f1,4760,1
s1_h2,4760,1
s2_h2,4760,1
s3_h2,4760,1
s4_h2,4760,1
s1_f2,4760,1
s2_f2,4760,1
s3_f2,4760,1
s4_f2,4760,1
s1_h3,4760,1
s2_h3,4760,1
s3_h3,4760,1
s4_h3,4760,1
s1_f3,4760,1
s2_f3,4760,1
s3_f3,4760,1
s4_f3,4760,1
s1_h4,4760,1
s2_h4,4760,1
s3_h4,4760,1
s4_h4,4760,1
s1_f4,4760,1
s2_f4,4760,1
s3_f4,4760,1
s4_f4,4760,1
s1_h5,4760,3
s2_h5,4760,3
s3_h5,4760,3
s4_h5,4760,3
s1_f5,4760,1
s2_f5,4760,1
s3_f5,4760,1
s4_f5,4760,1
s1_h1,4900,32
s2_h1,4900,33
s3_h1,4900,32
s4_h1,4900,32
s1_f1,4900,1
s2_f1,4900,1
s3_f1,4900,1
s4_f1,4900,1
s1_h2,4900,1
s2_h2,4900,1
s3_h2,4900,1
s4_h2,4900,1
s1_f2,4900,1
s2_f2,4900,1
s3_f2,4900,1
s4_f2,4900,1
s1_h3,4900,2
s2_h3,4900,2
s3_h3,4900,2
s4_h3,4900,2
s1_f3,4900,1
s2_f3,4900,1
s3_f3,4900,1
s4_f3,4900,1
s1_h4,4900,1
s2_h4,4900,1
s3_h4,4900,1
s4_h4,4900,1
s1_f4,4900,1
s2_f4,4900,1
s3_f4,4900,1
s4_f4,4900,1
s1_h5,4900,1
s2_h5,4900,1
s3_h5,4900,1
s4_h5,4900,1
s1_f5,4900,1
s2_f5,4900,1
s3_f5,4900,1
s4_f5,4900,1
s1_h1,5040,33
s2_h1,5040,34
s3_h1,5040,33
s4_h1,5040,33
s1_f1,5040,1
s2_f1,5040,1
s3_f1,5040,1
s4_f1,5040,1
s1_h2,5040,1
s2_h2,5040,1
s3_h2,5040,1
s4_h2,5040,1
s1_f2,5040,1
s2_f2,5040,1
s3_f2,5040,1
s4_f2,5040,1
s1_h3,5040,1
s2_h3,5040,1
s3_h3,5040,1
s4_h3,5040,1
s1_f3,5040,1
s2_f3,5040,1
s3_f3,5040,1
s4_f3,5040,1
s1_h4,5040,1
s2_h4,5040,1
s3_h4,5040,1
s4_h4,5040,1
s1_f4,5040,1
s2_f4,5040,1
s3_f4,5040,1
s4_f4,5040,1
s1_h5,5040,2
s2_h5,5040,2
s3_h5,5040,2
s4_h5,5040,2
s1_f5,5040,1
s2_f5,5040,1
s3_f5,5040,1
s4_f5,5040,1
s1_h1,5180,34
s2_h1,5180,35
s3_h1,5180,34
s4_h1,5180,34
s1_f1,5180,1
s2_f1,5180,1
s3_f1,5180,1
s4_f1,5180,1
s1_h2,5180,2
s2_h2,5180,2
s3_h2,5180,2
s4_h2,5180,2
s1_f2,5180,1
s2_f2,5180,1
s3_f2,5180,1
s4_f2,5180,1
s1_h3,5180,1
s2_h3,5180,1
s3_h3,5180,1
s4_h3,5180,1
s1_f3,5180,1
s2_f3,5180,1
s3_f3,5180,1
s4_f3,5180,1
s1_h4,5180,1
s2_h4,5180,1
s3_h4,5180,1
s4_h4,5180,1
s1_f4,5180,1
s2_f4,5180,1
s3_f4,5180,1
s4_f4,5180,1
s1_h5,5180,1
s2_h5,5180,1
s3_h5,5180,1
s4_h5,5180,1
s1_f5,5180,1
s2_f5,5180,1
s3_f5,5180,1
s4_f5,5180,1
s1_h1,5320,35
s2_h1,5320,36
s3_h1,5320,35
s4_h1,5320,35
s1_f1,5320,1
s2_f1,5320,1
s3_f1,5320,1
s4_f1,5320,1
s1_h2,5320,1
s2_h2,5320,1
s3_h2,5320,1
s4_h2,5320,1
s1_f2,5320,1
s2_f2,5320,1
s3_f2,5320,1
s4_f2,5320,1
s1_h3,5320,1
s2_h3,5320,1
s3_h3,5320,1
s4_h3,5320,1
s1_f3,5320,1
s2_f3,5320,1
s3_f3,5320,1
s4_f3,5320,1
s1_h4,5320,1
s2_h4,5320,1
s3_h4,5320,1
s4_h4,5320,1
s1_f4,5320,1
s2_f4,5320,1
s3_f4,5320,1
s4_f4,5320,1
s1_h5,5320,1
s2_h5,5320,1
s3_h5,5320,1
s4_h5,5320,1
s1_f5,5320,1
s2_f5,5320,1
s3_f5,5320,1
s4_f5,5320,1
s1_h1,5460,36
s2_h1,5460,37
s3_h1,5460,36
s4_h1,5460,36
s1_f1,5460,1
s2_f1,5460,1
s3_f1,5460,1
s4_f1,5460,1
s1_h2,5460,1
s2_h2,5460,1
s3_h2,5460,1
s4_h2,5460,1
s1_f2,5460,1
s2_f2,5460,1
s3_f2,5460,1
s4_f2,5460,1
s1_h3,5460,1
s2_h3,5460,1
s3_h3,5460,1
s4_h3,5460,1
s1_f3,5460,1
s2_f3,5460,1
s3_f3,5460,1
s4_f3,5460,1
s1_h4,5460,2
s2_h4,5460,2
s3_h4,5460,2
s4_h4,5460,2
s1_f4,5460,1
s2_f4,5460,1
s3_f4,5460,1
s4_f4,5460,1
s1_h5,5460,2
s2_h5,5460,2
s3_h5,5460,2
s4_h5,5460,2
s1_f5,5460,1
s2_f5,5460,1
s3_f5,5460,1
s4_f5,5460,1
s1_h1,5600,37
s2_h1,5600,38
s3_h1,5600,37
s4_h1,5600,37
s1_f1,5600,1
s2_f1,5600,1
s3_f1,5600,1
s4_f1,5600,1
s1_h2,5600,1
s2_h2,5600,1
s3_h2,5600,1
s4_h2,5600,1
s1_f2,5600,1
s2_f2,5600,1
s3_f2,5600,1
s4_f2,5600,1
s1_h3,5600,1
s2_h3,5600,1
s3_h3,5600,1
s4_h3,5600,1
s1_f3,5600,1
s2_f3,5600,1
s3_f3,5600,1
s4_f3,5600,1
s1_h4,5600,1
s2_h4,5600,1
s3_h4,5600,1
s4_h4,5600,1
s1_f4,5600,1
s2_f4,5600,1
s3_f4,5600,1
s4_f4,5600,1
s1_h5,5600,1
s2_h5,5600,1
s3_h5,5600,1
s4_h5,5600,1
s1_f5,5600,1
s2_f5,5600,1
s3_f5,5600,1
s4_f5,5600,1
s1_h1,5740,38
s2_h1,5740,39
s3_h1,5740,38
s4_h1,5740,38
s1_f1,5740,1
s2_f1,5740,1
s3_f1,5740,1
s4_f1,5740,1
s1_h2,5740,1
s2_h2,5740,1
s3_h2,5740,1
s4_h2,5740,1
s1_f2,5740,1
s2_f2,5740,1
s3_f2,5740,1
s4_f2,5740,1
s1_h3,5740,1
s2_h3,5740,1
s3_h3,5740,1
s4_h3,5740,1
s1_f3,5740,1
s2_f3,5740,1
s3_f3,5740,1
s4_f3,5740,1
s1_h4,5740,1
s2_h4,5740,1
s3_h4,5740,1
s4_h4,5740,1
s1_f4,5740,1
s2_f4,5740,1
s3_f4,5740,1
s4_f4,5740,1
s1_h5,5740,1
s2_h5,5740,1
s3_h5,5740,1
s4_h5,5740,1
s1_f5,5740,1
s2_f5,5740,1
s3_f5,5740,1
s4_f5,5740,1
s1_h1,5880,39
s2_h1,5880,40
s3_h1,5880,39
s4_h1,5880,39
s1_f1,5880,1
s2_f1,5880,1
s3_f1,5880,1
s4_f1,5880,1
s1_h2,5880,1
s2_h2,5880,1
s3_h2,5880,1
s4_h2,5880,1
s1_f2,5880,1
s2_f2,5880,1
s3_f2,5880,1
s4_f2,5880,1
s1_h3,5880,1
s2_h3,5880,1
s3_h3,5880,1
s4_h3,5880,1
s1_f3,5880,1
s2_f3,5880,1
s3_f3,5880,1
s4_f3,5880,1
s1_h4,5880,1
s2_h4,5880,1
s3_h4,5880,1
s4_h4,5880,1
s1_f4,5880,1
s2_f4,5880,1
s3_f4,5880,1
s4_f4,5880,1
s1_h5,5880,1
s2_h5,5880,1
s3_h5,5880,1
s4_h5,5880,1
s1_f5,5880,1
s2_f5,5880,1
s3_f5,5880,1
s4_f5,5880,1
s1_h1,6020,40
s2_h1,6020,41
s3_h1,6020,40
s4_h1,6020,40
s1_f1,6020,1
s2_f1,6020,1
s3_f1,6020,1
s4_f1,6020,1
s1_h2,6020,1
s2_h2,6020,1
s3_h2,6020,1
s4_h2,6020,1
s1_f2,6020,1
s2_f2,6020,1
s3_f2,6020,1
s4_f2,6020,1
s1_h3,6020,1
s2_h3,6020,1
s3_h3,6020,1
s4_h3,6020,1
s1_f3,6020,1
s2_f3,6020,1
s3_f3,6020,1
s4_f3,6020,1
s1_h4,6020,1
s2_h4,6020,1
s3_h4,6020,1
s4_h4,6020,1
s1_f4,6020,1
s2_f4,6020,1
s3_f4,6020,1
s4_f4,6020,1
s1_h5,6020,1
s2_h5,6020,1
s3_h5,6020,1
s4_h5,6020,1
s1_f5,6020,1
s2_f5,6020,1
s3_f5,6020,1
s4_f5,6020,1
s1_h1,6160,41
s2_h1,6160,42
s3_h1,6160,41
s4_h1,6160,41
s1_f1,6160,1
s2_f1,6160,1
s3_f1,6160,1
s4_f1,6160,1
s1_h2,6160,1
s2_h2,6160,1
s3_h2,6160,1
s4_h2,6160,1
s1_f2,6160,1
s2_f2,6160,1
s3_f2,6160,1
s4_f2,6160,1
s1_h3,6160,1
s2_h3,6160,1
s3_h3,6160,1
s4_h3,6160,1
s1_f3,6160,1
s2_f3,6160,1
s3_f3,6160,1
s4_f3,6160,1
s1_h4,6160,1
s2_h4,6160,1
s3_h4,6160,1
s4_h4,6160,1
s1_f4,6160,1
s2_f4,6160,1
s3_f4,6160,1
s4_f4,6160,1
s1_h5,6160,1
s2_h5,6160,1
s3_h5,6160,1
s4_h5,6160,1
s1_f5,6160,1
s2_f5,6160,1
s3_f5,6160,1
s4_f5,6160,1
s1_h1,6300,42
s2_h1,6300,43
s3_h1,6300,42
s4_h1,6300,42
s1_f1,6300,1
s2_f1,6300,1
s3_f1,6300,1
s4_f1,6300,1
s1_h2,6300,1
s2_h2,6300,1
s3_h2,6300,1
s4_h2,6300,1
s1_f2,6300,1
s2_f2,6300,1
s3_f2,6300,1
s4_f2,6300,1
s1_h3,6300,1
s2_h3,6300,1
s3_h3,6300,1
s4_h3,6300,1
s1_f3,6300,1
s2_f3,6300,1
s3_f3,6300,1
s4_f3,6300,1
s1_h4,6300,1
s2_h4,6300,1
s3_h4,6300,1
s4_h4,6300,1
s1_f4,6300,1
s2_f4,6300,1
s3_f4,6300,1
s4_f4,6300,1
s1_h5,6300,2
s2_h5,6300,2
s3_h5,6300,2
s4_h5,6300,2
s1_f5,6300,1
s2_f5,6300,1
s3_f5,6300,1
s4_f5,6300,1
s1_h1,6440,43
s2_h1,6440,44
s3_h1,6440,43
s4_h1,6440,43
s1_f1,6440,1
s2_f1,6440,1
s3_f1,6440,1
s4_f1,6440,1
s1_h2,6440,1
s2_h2,6440,1
s3_h2,6440,1
s4_h2,6440,1
s1_f2,6440,1
s2_f2,6440,1
s3_f2,6440,1
s4_f2,6440,1
s1_h3,6440,1
s2_h3,6440,1
s3_h3,6440,1
s4_h3,6440,1
s1_f3,6440,1
s2_f3,6440,1
s3_f3,6440,1
s4_f3,6440,1
s1_h4,6440,1
s2_h4,6440,1
s3_h4,6440,1
s4_h4,6440,1
s1_f4,6440,1
s2_f4,6440,1
s3_f4,6440,1
s4_f4,6440,1
s1_h5,6440,1
s2_h5,6440,1
s3_h5,6440,1
s4_h5,6440,1
s1_f5,6440,1
s2_f5,6440,1
s3_f5,6440,1
s4_f5,6440,1
s1_h1,6580,44
s2_h1,6580,45
s3_h1,6580,44
s4_h1,6580,44
s1_f1,6580,1
s2_f1,6580,1
s3_f1,6580,1
s4_f1,6580,1
s1_h2,6580,1
s2_h2,6580,1
s3_h2,6580,1
s4_h2,6580,1
s1_f2,6580,1
s2_f2,6580,1
s3_f2,6580,1
s4_f2,6580,1
s1_h3,6580,1
s2_h3,6580,1
s3_h3,6580,1
s4_h3,6580,1
s1_f3,6580,1
s2_f3,6580,1
s3_f3,6580,1
s4_f3,6580,1
s1_h4,6580,1
s2_h4,6580,1
s3_h4,6580,1
s4_h4,6580,1
s1_f4,6580,1
s2_f4,6580,1
s3_f4,6580,1
s4_f4,6580,1
s1_h5,6580,1
s2_h5,6580,1
s3_h5,6580,1
s4_h5,6580,1
s1_f5,6580,1
s2_f5,6580,1
s3_f5,6580,1
s4_f5,6580,1
s1_h1,6720,45
s2_h1,6720,46
s3_h1,6720,45
s4_h1,6720,45
s1_f1,6720,1
s2_f1,6720,1
s3_f1,6720,1
s4_f1,6720,1
s1_h2,6720,1
s2_h2,6720,1
s3_h2,6720,1
s4_h2,6720,1
s1_f2,6720,1
s2_f2,6720,1
s3_f2,6720,1
s4_f2,6720,1
s1_h3,6720,1
s2_h3,6720,1
s3_h3,6720,1
s4_h3,6720,1
s1_f3,6720,1
s2_f3,6720,1
s3_f3,6720,1
s4_f3,6720,1
s1_h4,6720,1
s2_h4,6720,1
s3_h4,6720,1
s4_h4,6720,1
s1_f4,6720,1
s2_f4,6720,1
s3_f4,6720,1
s4_f4,6720,1
s1_h5,6720,1
s2_h5,6720,1
s3_h5,6720,1
s4_h5,6720,1
s1_f5,6720,1
s2_f5,6720,1
s3_f5,6720,1
s4_f5,6720,1
s1_h1,6860,46
s2_h1,6860,47
s3_h1,6860,46
s4_h1,6860,46
s1_f1,6860,1
s2_f1,6860,1
s3_f1,6860,1
s4_f1,6860,1
s1_h2,6860,1
s2_h2,6860,1
s3_h2,6860,1
s4_h2,6860,1
s1_f2,6860,1
s2_f2,6860,1
s3_f2,6860,1
s4_f2,6860,1
s1_h3,6860,1
s2_h3,6860,1
s3_h3,6860,1
s4_h3,6860,1
s1_f3,6860,1
s2_f3,6860,1
s3_f3,6860,1
s4_f3,6860,1
s1_h4,6860,1
s2_h4,6860,1
s3_h4,6860,1
s4_h4,6860,1
s1_f4,6860,1
s2_f4,6860,1
s3_f4,6860,1
s4_f4,6860,1
s1_h5,6860,2
s2_h5,6860,2
s3_h5,6860,2
s4_h5,6860,2
s1_f5,6860,1
s2_f5,6860,1
s3_f5,6860,1
s4_f5,6860,1
s1_h1,7000,47
s2_h1,7000,48
s3_h1,7000,47
s4_h1,7000,47
s1_f1,7000,1
s2_f1,7000,1
s3_f1,7000,1
s4_f1,7000,1
s1_h2,7000,1
s2_h2,7000,1
s3_h2,7000,1
s4_h2,7000,1
s1_f2,7000,1
s2_f2,7000,1
s3_f2,7000,1
s4_f2,7000,1
s1_h3,7000,1
s2_h3,7000,1
s3_h3,7000,1
s4_h3,7000,1
s1_f3,7000,1
s2_f3,7000,1
s3_f3,7000,1
s4_f3,7000,1
s1_h4,7000,1
s2_h4,7000,1
s3_h4,7000,1
s4_h4,7000,1
s1_f4,7000,1
s2_f4,7000,1
s3_f4,7000,1
s4_f4,7000,1
s1_h5,7000,1
s2_h5,7000,1
s3_h5,7000,1
s4_h5,7000,1
s1_f5,7000,1
s2_f5,7000,1
s3_f5,7000,1
s4_f5,7000,1
s1_h1,7140,48
s2_h1,7140,49
s3_h1,7140,48
s4_h1,7140,48
s1_f1,7140,1
s2_f1,7140,1
s3_f1,7140,1
s4_f1,7140,1
s1_h2,7140,1
s2_h2,7140,1
s3_h2,7140,1
s4_h2,7140,1
s1_f2,7140,1
s2_f2,7140,1
s3_f2,7140,1
s4_f2,7140,1
s1_h3,7140,1
s2_h3,7140,1
s3_h3,7140,1
s4_h3,7140,1
s1_f3,7140,1
s2_f3,7140,1
s3_f3,7140,1
s4_f3,7140,1
s1_h4,7140,1
s2_h4,7140,1
s3_h4,7140,1
s4_h4,7140,1
s1_f4,7140,1
s2_f4,7140,1
s3_f4,7140,1
s4_f4,7140,1
s1_h5,7140,2
s2_h5,7140,2
s3_h5,7140,2
s4_h5,7140,2
s1_f5,7140,1
s2_f5,7140,1
s3_f5,7140,1
s4_f5,7140,1
s1_h1,7280,49
s2_h1,7280,50
s3_h1,7280,49
s4_h1,7280,49
s1_f1,7280,1
s2_f1,7280,1
s3_f1,7280,1
s4_f1,7280,1
s1_h2,7280,1
s2_h2,7280,1
s3_h2,7280,1
s4_h2,7280,1
s1_f2,7280,1
s2_f2,7280,1
s3_f2,7280,1
s4_f2,7280,1
s1_h3,7280,1
s2_h3,7280,1
s3_h3,7280,1
s4_h3,7280,1
s1_f3,7280,1
s2_f3,7280,1
s3_f3,7280,1
s4_f3,7280,1
s1_h4,7280,1
s2_h4,7280,1
s3_h4,7280,1
s4_h4,7280,1
s1_f4,7280,1
s2_f4,7280,1
s3_f4,7280,1
s4_f4,7280,1
s1_h5,7280,3
s2_h5,7280,3
s3_h5,7280,3
s4_h5,7280,3
s1_f5,7280,1
s2_f5,7280,1
s3_f5,7280,1
s4_f5,7280,1
s1_h1,7420,50
s2_h1,7420,51
s3_h1,7420,50
s4_h1,7420,50
s1_f1,7420,1
s2_f1,7420,1
s3_f1,7420,1
s4_f1,7420,1
s1_h2,7420,1
s2_h2,7420,1
s3_h2,7420,1
s4_h2,7420,1
s1_f2,7420,1
s2_f2,7420,1
s3_f2,7420,1
s4_f2,7420,1
s1_h3,7420,1
s2_h3,7420,1
s3_h3,7420,1
s4_h3,7420,1
s1_f3,7420,1
s2_f3,7420,1
s3_f3,7420,1
s4_f3,7420,1
s1_h4,7420,1
s2_h4,7420,1
s3_h4,7420,1
s4_h4,7420,1
s1_f4,7420,1
s2_f4,7420,1
s3_f4,7420,1
s4_f4,7420,1
s1_h5,7420,1
s2_h5,7420,1
s3_h5,7420,1
s4_h5,7420,1
s1_f5,7420,1
s2_f5,7420,1
s3_f5,7420,1
s4_f5,7420,1
s1_h1,7560,51
s2_h1,7560,52
s3_h1,7560,51
s4_h1,7560,51
s1_f1,7560,1
s2_f1,7560,1
s3_f1,7560,1
s4_f1,7560,1
s1_h2,7560,1
s2_h2,7560,1
s3_h2,7560,1
s4_h2,7560,1
s1_f2,7560,1
s2_f2,7560,1
s3_f2,7560,1
s4_f2,7560,1
s1_h3,7560,1
s2_h3,7560,1
s3_h3,7560,1
s4_h3,7560,1
s1_f3,7560,1
s2_f3,7560,1
s3_f3,7560,1
s4_f3,7560,1
s1_h4,7560,1
s2_h4,7560,1
s3_h4,7560,1
s4_h4,7560,1
s1_f4,7560,1
s2_f4,7560,1
s3_f4,7560,1
s4_f4,7560,1
s1_h5,7560,2
s2_h5,7560,2
s3_h5,7560,2
s4_h5,7560,2
s1_f5,7560,1
s2_f5,7560,1
s3_f5,7560,1
s4_f5,7560,1
s1_h1,7700,52
s2_h1,7700,53
s3_h1,7700,52
s4_h1,7700,52
s1_f1,7700,1
s2_f1,7700,1
s3_f1,7700,1
s4_f1,7700,1
s1_h2,7700,1
s2_h2,7700,1
s3_h2,7700,1
s4_h2,7700,1
s1_f2,7700,1
s2_f2,7700,1
s3_f2,7700,1
s4_f2,7700,1
s1_h3,7700,1
s2_h3,7700,1
s3_h3,7700,1
s4_h3,7700,1
s1_f3,7700,1
s2_f3,7700,1
s3_f3,7700,1
s4_f3,7700,1
s1_h4,7700,1
s2_h4,7700,1
s3_h4,7700,1
s4_h4,7700,1
s1_f4,7700,1
s2_f4,7700,1
s3_f4,7700,1
s4_f4,7700,1
s1_h5,7700,1
s2_h5,7700,1
s3_h5,7700,1
s4_h5,7700,1
s1_f5,7700,1
s2_f5,7700,1
s3_f5,7700,1
s4_f5,7700,1
s1_h1,7840,53
s2_h1,7840,54
s3_h1,7840,53
s4_h1,7840,53
s1_f1,7840,1
s2_f1,7840,1
s3_f1,7840,1
s4_f1,7840,1
s1_h2,7840,1
s2_h2,7840,1
s3_h2,7840,1
s4_h2,7840,1
s1_f2,7840,1
s2_f2,7840,1
s3_f2,7840,1
s4_f2,7840,1
s1_h3,7840,1
s2_h3,7840,1
s3_h3,7840,1
s4_h3,7840,1
s1_f3,7840,1
s2_f3,7840,1
s3_f3,7840,1
s4_f3,7840,1
s1_h4,7840,1
s2_h4,7840,1
s3_h4,7840,1
s4_h4,7840,1
s1_f4,7840,1
s2_f4,7840,1
s3_f4,7840,1
s4_f4,7840,1
s1_h5,7840,2
s2_h5,7840,2
s3_h5,7840,2
s4_h5,7840,2
s1_f5,7840,1
s2_f5,7840,1
s3_f5,7840,1
s4_f5,7840,1
s1_h1,7980,54
s2_h1,7980,55
s3_h1,7980,54
s4_h1,7980,54
s1_f1,7980,1
s2_f1,7980,1
s3_f1,7980,1
s4_f1,7980,1
s1_h2,7980,1
s2_h2,7980,1
s3_h2,7980,1
s4_h2,7980,1
s1_f2,7980,1
s2_f2,7980,1
s3_f2,7980,1
s4_f2,7980,1
s1_h3,7980,1
s2_h3,7980,1
s3_h3,7980,1
s4_h3,7980,1
s1_f3,7980,1
s2_f3,7980,1
s3_f3,7980,1
s4_f3,7980,1
s1_h4,7980,1
s2_h4,7980,1
s3_h4,7980,1
s4_h4,7980,1
s1_f4,7980,1
s2_f4,7980,1
s3_f4,7980,1
s4_f4,7980,1
s1_h5,7980,1
s2_h5,7980,1
s3_h5,7980,1
s4_h5,7980,1
s1_f5,7980,1
s2_f5,7980,1
s3_f5,7980,1
s4_f5,7980,1
s1_h1,8120,55
s2_h1,8120,56
s3_h1,8120,55
s4_h1,8120,55
s1_f1,8120,1
s2_f1,8120,1
s3_f1,8120,1
s4_f1,8120,1
s1_h2,8120,1
s2_h2,8120,1
s3_h2,8120,1
s4_h2,8120,1
s1_f2,8120,1
s2_f2,8120,1
s3_f2,8120,1
s4_f2,8120,1
s1_h3,8120,1
s2_h3,8120,1
s3_h3,8120,1
s4_h3,8120,1
s1_f3,8120,1
s2_f3,8120,1
s3_f3,8120,1
s4_f3,8120,1
s1_h4,8120,1
s2_h4,8120,1
s3_h4,8120,1
s4_h4,8120,1
s1_f4,8120,1
s2_f4,8120,1
s3_f4,8120,1
s4_f4,8120,1
s1_h5,8120,2
s2_h5,8120,2
s3_h5,8120,2
s4_h5,8120,2
s1_f5,8120,1
s2_f5,8120,1
s3_f5,8120,1
s4_f5,8120,1
s1_h1,8260,56
s2_h1,8260,57
s3_h1,8260,56
s4_h1,8260,56
s1_f1,8260,1
s2_f1,8260,1
s3_f1,8260,1
s4_f1,8260,1
s1_h2,8260,1
s2_h2,8260,1
s3_h2,8260,1
s4_h2,8260,1
s1_f2,8260,1
s2_f2,8260,1
s3_f2,8260,1
s4_f2,8260,1
s1_h3,8260,1
s2_h3,8260,1
s3_h3,8260,1
s4_h3,8260,1
s1_f3,8260,1
s2_f3,8260,1
s3_f3,8260,1
s4_f3,8260,1
s1_h4,8260,1
s2_h4,8260,1
s3_h4,8260,1
s4_h4,8260,1
s1_f4,8260,1
s2_f4,8260,1
s3_f4,8260,1
s4_f4,8260,1
s1_h5,8260,1
s2_h5,8260,1
s3_h5,8260,1
s4_h5,8260,1
s1_f5,8260,1
s2_f5,8260,1
s3_f5,8260,1
s4_f5,8260,1
s1_h1,8400,57
s2_h1,8400,58
s3_h1,8400,57
s4_h1,8400,57
s1_f1,8400,1
s2_f1,8400,1
s3_f1,8400,1
s4_f1,8400,1
s1_h2,8400,1
s2_h2,8400,1
s3_h2,8400,1
s4_h2,8400,1
s1_f2,8400,1
s2_f2,8400,1
s3_f2,8400,1
s4_f2,8400,1
s1_h3,8400,1
s2_h3,8400,1
s3_h3,8400,1
s4_h3,8400,1
s1_f3,8400,1
s2_f3,8400,1
s3_f3,8400,1
s4_f3,8400,1
s1_h4,8400,1
s2_h4,8400,1
s3_h4,8400,1
s4_h4,8400,1
s1_f4,8400,1
s2_f4,8400,1
s3_f4,8400,1
s4_f4,8400,1
s1_h5,8400,1
s2_h5,8400,1
s3_h5,8400,1
s4_h5,8400,1
s1_f5,8400,1
s2_f5,8400,1
s3_f5,8400,1
s4_f5,8400,1
s1_h1,8540,58
s2_h1,8540,59
s3_h1,8540,58
s4_h1,8540,58
s1_f1,8540,1
s2_f1,8540,1
s3_f1,8540,1
s4_f1,8540,1
s1_h2,8540,1
s2_h2,8540,1
s3_h2,8540,1
s4_h2,8540,1
s1_f2,8540,1
s2_f2,8540,1
s3_f2,8540,1
s4_f2,8540,1
s1_h3,8540,1
s2_h3,8540,1
s3_h3,8540,1
s4_h3,8540,1
s1_f3,8540,1
s2_f3,8540,1
s3_f3,8540,1
s4_f3,8540,1
s1_h4,8540,1
s2_h4,8540,1
s3_h4,8540,1
s4_h4,8540,1
s1_f4,8540,1
s2_f4,8540,1
s3_f4,8540,1
s4_f4,8540,1
s1_h5,8540,1
s2_h5,8540,1
s3_h5,8540,1
s4_h5,8540,1
s1_f5,8540,1
s2_f5,8540,1
s3_f5,8540,1
s4_f5,8540,1
s1_h1,8680,59
s2_h1,8680,60
s3_h1,8680,59
s4_h1,8680,59
s1_f1,8680,1
s2_f1,8680,1
s3_f1,8680,1
s4_f1,8680,1
s1_h2,8680,1
s2_h2,8680,1
s3_h2,8680,1
s4_h2,8680,1
s1_f2,8680,1
s2_f2,8680,1
s3_f2,8680,1
s4_f2,8680,1
s1_h3,8680,1
s2_h3,8680,1
s3_h3,8680,1
s4_h3,8680,1
s1_f3,8680,1
s2_f3,8680,1
s3_f3,8680,1
s4_f3,8680,1
s1_h4,8680,1
s2_h4,8680,1
s3_h4,8680,1
s4_h4,8680,1
s1_f4,8680,1
s2_f4,8680,1
s3_f4,8680,1
s4_f4,8680,1
s1_h5,8680,1
s2_h5,8680,1
s3_h5,8680,1
s4_h5,8680,1
s1_f5,8680,1
s2_f5,8680,1
s3_f5,8680,1
s4_f5,8680,1
s1_h1,8820,60
s2_h1,8820,61
s3_h1,8820,60
s4_h1,8820,60
s1_f1,8820,1
s2_f1,8820,1
s3_f1,8820,1
s4_f1,8820,1
s1_h2,8820,1
s2_h2,8820,1
s3_h2,8820,1
s4_h2,8820,1
s1_f2,8820,1
s2_f2,8820,1
s3_f2,8820,1
s4_f2,8820,1
s1_h3,8820,1
s2_h3,8820,1
s3_h3,8820,1
s4_h3,8820,1
s1_f3,8820,1
s2_f3,8820,1
s3_f3,8820,1
s4_f3,8820,1
s1_h4,8820,2
s2_h4,8820,2
s3_h4,8820,2
s4_h4,8820,2
s1_f4,8820,1
s2_f4,8820,1
s3_f4,8820,1
s4_f4,8820,1
s1_h5,8820,1
s2_h5,8820,1
s3_h5,8820,1
s4_h5,8820,1
s1_f5,8820,1
s2_f5,8820,1
s3_f5,8820,1
s4_f5,8820,1
s1_h1,8960,61
s2_h1,8960,62
s3_h1,8960,61
s4_h1,8960,61
s1_f1,8960,1
s2_f1,8960,1
s3_f1,8960,1
s4_f1,8960,1
s1_h2,8960,1
s2_h2,8960,1
s3_h2,8960,1
s4_h2,8960,1
s1_f2,8960,1
s2_f2,8960,1
s3_f2,8960,1
s4_f2,8960,1
s1_h3,8960,1
s2_h3,8960,1
s3_h3,8960,1
s4_h3,8960,1
s1_f3,8960,1
s2_f3,8960,1
s3_f3,8960,1
s4_f3,8960,1
s1_h4,8960,1
s2_h4,8960,1
s3_h4,8960,1
s4_h4,8960,1
s1_f4,8960,1
s2_f4,8960,1
s3_f4,8960,1
s4_f4,8960,1
s1_h5,8960,2
s2_h5,8960,2
s3_h5,8960,2
s4_h5,8960,2
s1_f5,8960,1
s2_f5,8960,1
s3_f5,8960,1
s4_f5,8960,1
s1_h1,9100,62
s2_h1,9100,63
s3_h1,9100,62
s4_h1,9100,62
s1_f1,9100,1
s2_f1,9100,1
s3_f1,9100,1
s4_f1,9100,1
s1_h2,9100,1
s2_h2,9100,1
s3_h2,9100,1
s4_h2,9100,1
s1_f2,9100,1
s2_f2,9100,1
s3_f2,9100,1
s4_f2,9100,1
s1_h3,9100,1
s2_h3,9100,1
s3_h3,9100,1
s4_h3,9100,1
s1_f3,9100,1
s2_f3,9100,1
s3_f3,9100,1
s4_f3,9100,1
s1_h4,9100,1
s2_h4,9100,1
s3_h4,9100,1
s4_h4,9100,1
s1_f4,9100,1
s2_f4,9100,1
s3_f4,9100,1
s4_f4,9100,1
s1_h5,9100,1
s2_h5,9100,1
s3_h5,9100,1
s4_h5,9100,1
s1_f5,9100,1
s2_f5,9100,1
s3_f5,9100,1
s4_f5,9100,1
s1_h1,9240,63
s2_h1,9240,64
s3_h1,9240,63
s4_h1,9240,63
s1_f1,9240,1
s2_f1,9240,1
s3_f1,9240,1
s4_f1,9240,1
s1_h2,9240,1
s2_h2,9240,1
s3_h2,9240,1
s4_h2,9240,1
s1_f2,9240,1
s2_f2,9240,1
s3_f2,9240,1
s4_f2,9240,1
s1_h3,9240,1
s2_h3,9240,1
s3_h3,9240,1
s4_h3,9240,1
s1_f3,9240,1
s2_f3,9240,1
s3_f3,9240,1
s4_f3,9240,1
s1_h4,9240,1
s2_h4,9240,1
s3_h4,9240,1
s4_h4,9240,1
s1_f4,9240,1
s2_f4,9240,1
s3_f4,9240,1
s4_f4,9240,1
s1_h5,9240,1
s2_h5,9240,1
s3_h5,9240,1
s4_h5,9240,1
s1_f5,9240,1
s2_f5,9240,1
s3_f5,9240,1
s4_f5,9240,1
s1_h1,9380,64
s2_h1,9380,65
s3_h1,9380,64
s4_h1,9380,64
s1_f1,9380,1
s2_f1,9380,1
s3_f1,9380,1
s4_f1,9380,1
s1_h2,9380,1
s2_h2,9380,1
s3_h2,9380,1
s4_h2,9380,1
s1_f2,9380,1
s2_f2,9380,1
s3_f2,9380,1
s4_f2,9380,1
s1_h3,9380,1
s2_h3,9380,1
s3_h3,9380,1
s4_h3,9380,1
s1_f3,9380,1
s2_f3,9380,1
s3_f3,9380,1
s4_f3,9380,1
s1_h4,9380,1
s2_h4,9380,1
s3_h4,9380,1
s4_h4,9380,1
s1_f4,9380,1
s2_f4,9380,1
s3_f4,9380,1
s4_f4,9380,1
s1_h5,9380,1
s2_h5,9380,1
s3_h5,9380,1
s4_h5,9380,1
s1_f5,9380,1
s2_f5,9380,1
s3_f5,9380,1
s4_f5,9380,1
s1_h1,9520,65
s2_h1,9520,66
s3_h1,9520,65
s4_h1,9520,65
s1_f1,9520,1
s2_f1,9520,1
s3_f1,9520,1
s4_f1,9520,1
s1_h2,9520,1
s2_h2,9520,1
s3_h2,9520,1
s4_h2,9520,1
s1_f2,9520,1
s2_f2,9520,1
s3_f2,9520,1
s4_f2,9520,1
s1_h3,9520,1
s2_h3,9520,1
s3_h3,9520,1
s4_h3,9520,1
s1_f3,9520,1
s2_f3,9520,1
s3_f3,9520,1
s4_f3,9520,1
s1_h4,9520,1
s2_h4,9520,1
s3_h4,9520,1
s4_h4,9520,1
s1_f4,9520,1
s2_f4,9520,1
s3_f4,9520,1
s4_f4,9520,1
s1_h5,9520,1
s2_h5,9520,1
s3_h5,9520,1
s4_h5,9520,1
s1_f5,9520,1
s2_f5,9520,1
s3_f5,9520,1
s4_f5,9520,1
s1_h1,9660,66
s2_h1,9660,67
s3_h1,9660,66
s4_h1,9660,66
s1_f1,9660,1
s2_f1,9660,1
s3_f1,9660,1
s4_f1,9660,1
s1_h2,9660,1
s2_h2,9660,1
s3_h2,9660,1
s4_h2,9660,1
s1_f2,9660,1
s2_f2,9660,1
s3_f2,9660,1
s4_f2,9660,1
s1_h3,9660,1
s2_h3,9660,1
s3_h3,9660,1
s4_h3,9660,1
s1_f3,9660,1
s2_f3,9660,1
s3_f3,9660,1
s4_f3,9660,1
s1_h4,9660,1
s2_h4,9660,1
s3_h4,9660,1
s4_h4,9660,1
s1_f4,9660,1
s2_f4,9660,1
s3_f4,9660,1
s4_f4,9660,1
s1_h5,9660,1
s2_h5,9660,1
s3_h5,9660,1
s4_h5,9660,1
s1_f5,9660,1
s2_f5,9660,1
s3_f5,9660,1
s4_f5,9660,1
s1_h1,9800,67
s2_h1,9800,68
s3_h1,9800,67
s4_h1,9800,67
s1_f1,9800,1
s2_f1,9800,1
s3_f1,9800,1
s4_f1,9800,1
s1_h2,9800,1
s2_h2,9800,1
s3_h2,9800,1
s4_h2,9800,1
s1_f2,9800,1
s2_f2,9800,1
s3_f2,9800,1
s4_f2,9800,1
s1_h3,9800,1
s2_h3,9800,1
s3_h3,9800,1
s4_h3,9800,1
s1_f3,9800,1
s2_f3,9800,1
s3_f3,9800,1
s4_f3,9800,1
s1_h4,9800,1
s2_h4,9800,1
s3_h4,9800,1
s4_h4,9800,1
s1_f4,9800,1
s2_f4,9800,1
s3_f4,9800,1
s4_f4,9800,1
s1_h5,9800,1
s2_h5,9800,1
s3_h5,9800,1
s4_h5,9800,1
s1_f5,9800,1
s2_f5,9800,1
s3_f5,9800,1
s4_f5,9800,1
s1_h1,9940,68
s2_h1,9940,69
s3_h1,9940,68
s4_h1,9940,68
s1_f1,9940,1
s2_f1,9940,1
s3_f1,9940,1
s4_f1,9940,1
s1_h2,9940,1
s2_h2,9940,1
s3_h2,9940,1
s4_h2,9940,1
s1_f2,9940,1
s2_f2,9940,1
s3_f2,9940,1
s4_f2,9940,1
s1_h3,9940,1
s2_h3,9940,1
s3_h3,9940,1
s4_h3,9940,1
s1_f3,9940,1
s2_f3,9940,1
s3_f3,9940,1
s4_f3,9940,1
s1_h4,9940,1
s2_h4,9940,1
s3_h4,9940,1
s4_h4,9940,1
s1_f4,9940,1
s2_f4,9940,1
s3_f4,9940,1
s4_f4,9940,1
s1_h5,9940,1
s2_h5,9940,1
s3_h5,9940,1
s4_h5,9940,1
s1_f5,9940,1
s2_f5,9940,1
s3_f5,9940,1
s4_f5,9940,1
s1_h1,10080,69
s2_h1,10080,70
s3_h1,10080,69
s4_h1,10080,69
s1_f1,10080,1
s2_f1,10080,1
s3_f1,10080,1
s4_f1,10080,1
s1_h2,10080,1
s2_h2,10080,1
s3_h2,10080,1
s4_h2,10080,1
s1_f2,10080,1
s2_f2,10080,1
s3_f2,10080,1
s4_f2,10080,1
s1_h3,10080,1
s2_h3,10080,1
s3_h3,10080,1
s4_h3,10080,1
s1_f3,10080,1
s2_f3,10080,1
s3_f3,10080,1
s4_f3,10080,1
s1_h4,10080,1
s2_h4,10080,1
s3_h4,10080,1
s4_h4,10080,1
s1_f4,10080,1
s2_f4,10080,1
s3_f4,10080,1
s4_f4,10080,1
s1_h5,10080,1
s2_h5,10080,1
s3_h5,10080,1
s4_h5,10080,1
s1_f5,10080,1
s2_f5,10080,1
s3_f5,10080,1
s4_f5,10080,1
s1_h1,10220,70
s2_h1,10220,71
s3_h1,10220,70
s4_h1,10220,70
s1_f1,10220,1
s2_f1,10220,1
s3_f1,10220,1
s4_f1,10220,1
s1_h2,10220,1
s2_h2,10220,1
s3_h2,10220,1
s4_h2,10220,1
s1_f2,10220,1
s2_f2,10220,1
s3_f2,10220,1
s4_f2,10220,1
s1_h3,10220,1
s2_h3,10220,1
s3_h3,10220,1
s4_h3,10220,1
s1_f3,10220,1
s2_f3,10220,1
s3_f3,10220,1
s4_f3,10220,1
s1_h4,10220,1
s2_h4,10220,1
s3_h4,10220,1
s4_h4,10220,1
s1_f4,10220,1
s2_f4,10220,1
s3_f4,10220,1
s4_f4,10220,1
s1_h5,10220,1
s2_h5,10220,1
s3_h5,10220,1
s4_h5,10220,1
s1_f5,10220,1
s2_f5,10220,1
s3_f5,10220,1
s4_f5,10220,1
s1_h1,10360,71
s2_h1,10360,72
s3_h1,10360,71
s4_h1,10360,71
s1_f1,10360,1
s2_f1,10360,1
s3_f1,10360,1
s4_f1,10360,1
s1_h2,10360,1
s2_h2,10360,1
s3_h2,10360,1
s4_h2,10360,1
s1_f2,10360,1
s2_f2,10360,1
s3_f2,10360,1
s4_f2,10360,1
s1_h3,10360,1
s2_h3,10360,1
s3_h3,10360,1
s4_h3,10360,1
s1_f3,10360,1
s2_f3,10360,1
s3_f3,10360,1
s4_f3,10360,1
s1_h4,10360,1
s2_h4,10360,1
s3_h4,10360,1
s4_h4,10360,1
s1_f4,10360,1
s2_f4,10360,1
s3_f4,10360,1
s4_f4,10360,1
s1_h5,10360,2
s2_h5,10360,2
s3_h5,10360,2
s4_h5,10360,2
s1_f5,10360,1
s2_f5,10360,1
s3_f5,10360,1
s4_f5,10360,1
s1_h1,10500,72
s2_h1,10500,73
s3_h1,10500,72
s4_h1,10500,72
s1_f1,10500,1
s2_f1,10500,1
s3_f1,10500,1
s4_f1,10500,1
s1_h2,10500,1
s2_h2,10500,1
s3_h2,10500,1
s4_h2,10500,1
s1_f2,10500,1
s2_f2,10500,1
s3_f2,10500,1
s4_f2,10500,1
s1_h3,10500,1
s2_h3,10500,1
s3_h3,10500,1
s4_h3,10500,1
s1_f3,10500,1
s2_f3,10500,1
s3_f3,10500,1
s4_f3,10500,1
s1_h4,10500,1
s2_h4,10500,1
s3_h4,10500,1
s4_h4,10500,1
s1_f4,10500,1
s2_f4,10500,1
s3_f4,10500,1
s4_f4,10500,1
s1_h5,10500,1
s2_h5,10500,1
s3_h5,10500,1
s4_h5,10500,1
s1_f5,10500,1
s2_f5,10500,1
s3_f5,10500,1
s4_f5,10500,1
s1_h1,10640,73
s2_h1,10640,74
s3_h1,10640,73
s4_h1,10640,73
s1_f1,10640,1
s2_f1,10640,1
s3_f1,10640,1
s4_f1,10640,1
s1_h2,10640,1
s2_h2,10640,1
s3_h2,10640,1
s4_h2,10640,1
s1_f2,10640,1
s2_f2,10640,1
s3_f2,10640,1
s4_f2,10640,1
s1_h3,10640,1
s2_h3,10640,1
s3_h3,10640,1
s4_h3,10640,1
s1_f3,10640,1
s2_f3,10640,1
s3_f3,10640,1
s4_f3,10640,1
s1_h4,10640,1
s2_h4,10640,1
s3_h4,10640,1
s4_h4,10640,1
s1_f4,10640,1
s2_f4,10640,1
s3_f4,10640,1
s4_f4,10640,1
s1_h5,10640,1
s2_h5,10640,1
s3_h5,10640,1
s4_h5,10640,1
s1_f5,10640,1
s2_f5,10640,1
s3_f5,10640,1
s4_f5,10640,1
s1_h1,10780,74
s2_h1,10780,75
s3_h1,10780,74
s4_h1,10780,74
s1_f1,10780,1
s2_f1,10780,1
s3_f1,10780,1
s4_f1,10780,1
s1_h2,10780,1
s2_h2,10780,1
s3_h2,10780,1
s4_h2,10780,1
s1_f2,10780,1
s2_f2,10780,1
s3_f2,10780,1
s4_f2,10780,1
s1_h3,10780,1
s2_h3,10780,1
s3_h3,10780,1
s4_h3,10780,1
s1_f3,10780,1
s2_f3,10780,1
s3_f3,10780,1
s4_f3,10780,1
s1_h4,10780,1
s2_h4,10780,1
s3_h4,10780,1
s4_h4,10780,1
s1_f4,10780,1
s2_f4,10780,1
s3_f4,10780,1
s4_f4,10780,1
s1_h5,10780,1
s2_h5,10780,1
s3_h5,10780,1
s4_h5,10780,1
s1_f5,10780,1
s2_f5,10780,1
s3_f5,10780,1
s4_f5,10780,1
s1_h1,10920,75
s2_h1,10920,76
s3_h1,10920,75
s4_h1,10920,75
s1_f1,10920,1
s2_f1,10920,1
s3_f1,10920,1
s4_f1,10920,1
s1_h2,10920,1
s2_h2,10920,1
s3_h2,10920,1
s4_h2,10920,1
s1_f2,10920,1
s2_f2,10920,1
s3_f2,10920,1
s4_f2,10920,1
s1_h3,10920,1
s2_h3,10920,1
s3_h3,10920,1
s4_h3,10920,1
s1_f3,10920,1
s2_f3,10920,1
s3_f3,10920,1
s4_f3,10920,1
s1_h4,10920,1
s2_h4,10920,1
s3_h4,10920,1
s4_h4,10920,1
s1_f4,10920,1
s2_f4,10920,1
s3_f4,10920,1
s4_f4,10920,1
s1_h5,10920,1
s2_h5,10920,1
s3_h5,10920,1
s4_h5,10920,1
s1_f5,10920,1
s2_f5,10920,1
s3_f5,10920,1
s4_f5,10920,1
s1_h1,11060,76
s2_h1,11060,77
s3_h1,11060,76
s4_h1,11060,76
s1_f1,11060,1
s2_f1,11060,1
s3_f1,11060,1
s4_f1,11060,1
s1_h2,11060,1
s2_h2,11060,1
s3_h2,11060,1
s4_h2,11060,1
s1_f2,11060,1
s2_f2,11060,1
s3_f2,11060,1
s4_f2,11060,1
s1_h3,11060,1
s2_h3,11060,1
s3_h3,11060,1
s4_h3,11060,1
s1_f3,11060,1
s2_f3,11060,1
s3_f3,11060,1
s4_f3,11060,1
s1_h4,11060,1
s2_h4,11060,1
s3_h4,11060,1
s4_h4,11060,1
s1_f4,11060,1
s2_f4,11060,1
s3_f4,11060,1
s4_f4,11060,1
s1_h5,11060,1
s2_h5,11060,1
s3_h5,11060,1
s4_h5,11060,1
s1_f5,11060,1
s2_f5,11060,1
s3_f5,11060,1
s4_f5,11060,1
s1_h1,11200,77
s2_h1,11200,78
s3_h1,11200,77
s4_h1,11200,77
s1_f1,11200,1
s2_f1,11200,1
s3_f1,11200,1
s4_f1,11200,1
s1_h2,11200,1
s2_h2,11200,1
s3_h2,11200,1
s4_h2,11200,1
s1_f2,11200,1
s2_f2,11200,1
s3_f2,11200,1
s4_f2,11200,1
s1_h3,11200,1
s2_h3,11200,1
s3_h3,11200,1
s4_h3,11200,1
s1_f3,11200,1
s2_f3,11200,1
s3_f3,11200,1
s4_f3,11200,1
s1_h4,11200,1
s2_h4,11200,1
s3_h4,11200,1
s4_h4,11200,1
s1_f4,11200,1
s2_f4,11200,1
s3_f4,11200,1
s4_f4,11200,1
s1_h5,11200,1
s2_h5,11200,1
s3_h5,11200,1
s4_h5,11200,1
s1_f5,11200,1
s2_f5,11200,1
s3_f5,11200,1
s4_f5,11200,1
s1_h1,11340,78
s2_h1,11340,79
s3_h1,11340,78
s4_h1,11340,78
s1_f1,11340,1
s2_f1,11340,1
s3_f1,11340,1
s4_f1,11340,1
s1_h2,11340,1
s2_h2,11340,1
s3_h2,11340,1
s4_h2,11340,1
s1_f2,11340,1
s2_f2,11340,1
s3_f2,11340,1
s4_f2,11340,1
s1_h3,11340,1
s2_h3,11340,1
s3_h3,11340,1
s4_h3,11340,1
s1_f3,11340,1
s2_f3,11340,1
s3_f3,11340,1
s4_f3,11340,1
s1_h4,11340,1
s2_h4,11340,1
s3_h4,11340,1
s4_h4,11340,1
s1_f4,11340,1
s2_f4,11340,1
s3_f4,11340,1
s4_f4,11340,1
s1_h5,11340,1
s2_h5,11340,1
s3_h5,11340,1
s4_h5,11340,1
s1_f5,11340,1
s2_f5,11340,1
s3_f5,11340,1
s4_f5,11340,1
s1_h1,11480,79
s2_h1,11480,80
s3_h1,11480,79
s4_h1,11480,79
s1_f1,11480,1
s2_f1,11480,1
s3_f1,11480,1
s4_f1,11480,1
s1_h2,11480,1
s2_h2,11480,1
s3_h2,11480,1
s4_h2,11480,1
s1_f2,11480,1
s2_f2,11480,1
s3_f2,11480,1
s4_f2,11480,1
s1_h3,11480,1
s2_h3,11480,1
s3_h3,11480,1
s4_h3,11480,1
s1_f3,11480,1
s2_f3,11480,1
s3_f3,11480,1
s4_f3,11480,1
s1_h4,11480,1
s2_h4,11480,1
s3_h4,11480,1
s4_h4,11480,1
s1_f4,11480,1
s2_f4,11480,1
s3_f4,11480,1
s4_f4,11480,1
s1_h5,11480,1
s2_h5,11480,1
s3_h5,11480,1
s4_h5,11480,1
s1_f5,11480,1
s2_f5,11480,1
s3_f5,11480,1
s4_f5,11480,1
s1_h1,11620,80
s2_h1,11620,81
s3_h1,11620,80
s4_h1,11620,80
s1_f1,11620,1
s2_f1,11620,1
s3_f1,11620,1
s4_f1,11620,1
s1_h2,11620,1
s2_h2,11620,1
s3_h2,11620,1
s4_h2,11620,1
s1_f2,11620,1
s2_f2,11620,1
s3_f2,11620,1
s4_f2,11620,1
s1_h3,11620,1
s2_h3,11620,1
s3_h3,11620,1
s4_h3,11620,1
s1_f3,11620,1
s2_f3,11620,1
s3_f3,11620,1
s4_f3,11620,1
s1_h4,11620,1
s2_h4,11620,1
s3_h4,11620,1
s4_h4,11620,1
s1_f4,11620,1
s2_f4,11620,1
s3_f4,11620,1
s4_f4,11620,1
s1_h5,11620,1
s2_h5,11620,1
s3_h5,11620,1
s4_h5,11620,1
s1_f5,11620,1
s2_f5,11620,1
s3_f5,11620,1
s4_f5,11620,1
s1_h1,11760,81
s2_h1,11760,82
s3_h1,11760,81
s4_h1,11760,81
s1_f1,11760,1
s2_f1,11760,1
s3_f1,11760,1
s4_f1,11760,1
s1_h2,11760,1
s2_h2,11760,1
s3_h2,11760,1
s4_h2,11760,1
s1_f2,11760,1
s2_f2,11760,1
s3_f2,11760,1
s4_f2,11760,1
s1_h3,11760,1
s2_h3,11760,1
s3_h3,11760,1
s4_h3,11760,1
s1_f3,11760,1
s2_f3,11760,1
s3_f3,11760,1
s4_f3,11760,1
s1_h4,11760,1
s2_h4,11760,1
s3_h4,11760,1
s4_h4,11760,1
s1_f4,11760,1
s2_f4,11760,1
s3_f4,11760,1
s4_f4,11760,1
s1_h5,11760,1
s2_h5,11760,1
s3_h5,11760,1
s4_h5,11760,1
s1_f5,11760,1
s2_f5,11760,1
s3_f5,11760,1
s4_f5,11760,1
s1_h1,11900,82
s2_h1,11900,83
s3_h1,11900,82
s4_h1,11900,82
s1_f1,11900,1
s2_f1,11900,1
s3_f1,11900,1
s4_f1,11900,1
s1_h2,11900,1
s2_h2,11900,1
s3_h2,11900,1
s4_h2,11900,1
s1_f2,11900,1
s2_f2,11900,1
s3_f2,11900,1
s4_f2,11900,1
s1_h3,11900,1
s2_h3,11900,1
s3_h3,11900,1
s4_h3,11900,1
s1_f3,11900,1
s2_f3,11900,1
s3_f3,11900,1
s4_f3,11900,1
s1_h4,11900,1
s2_h4,11900,1
s3_h4,11900,1
s4_h4,11900,1
s1_f4,11900,1
s2_f4,11900,1
s3_f4,11900,1
s4_f4,11900,1
s1_h5,11900,1
s2_h5,11900,1
s3_h5,11900,1
s4_h5,11900,1
s1_f5,11900,1
s2_f5,11900,1
s3_f5,11900,1
s4_f5,11900,1
s1_h1,12040,83
s2_h1,12040,84
s3_h1,12040,83
s4_h1,12040,83
s1_f1,12040,1
s2_f1,12040,1
s3_f1,12040,1
s4_f1,12040,1
s1_h2,12040,1
s2_h2,12040,1
s3_h2,12040,1
s4_h2,12040,1
s1_f2,12040,1
s2_f2,12040,1
s3_f2,12040,1
s4_f2,12040,1
s1_h3,12040,1
s2_h3,12040,1
s3_h3,12040,1
s4_h3,12040,1
s1_f3,12040,1
s2_f3,12040,1
s3_f3,12040,1
s4_f3,12040,1
s1_h4,12040,1
s2_h4,12040,1
s3_h4,12040,1
s4_h4,12040,1
s1_f4,12040,1
s2_f4,12040,1
s3_f4,12040,1
s4_f4,12040,1
s1_h5,12040,1
s2_h5,12040,1
s3_h5,12040,1
s4_h5,12040,1
s1_f5,12040,1
s2_f5,12040,1
s3_f5,12040,1
s4_f5,12040,1
s1_h1,12180,84
s2_h1,12180,85
s3_h1,12180,84
s4_h1,12180,84
s1_f1,12180,1
s2_f1,12180,1
s3_f1,12180,1
s4_f1,12180,1
s1_h2,12180,1
s2_h2,12180,1
s3_h2,12180,1
s4_h2,12180,1
s1_f2,12180,1
s2_f2,12180,1
s3_f2,12180,1
s4_f2,12180,1
s1_h3,12180,1
s2_h3,12180,1
s3_h3,12180,1
s4_h3,12180,1
s1_f3,12180,1
s2_f3,12180,1
s3_f3,12180,1
s4_f3,12180,1
s1_h4,12180,1
s2_h4,12180,1
s3_h4,12180,1
s4_h4,12180,1
s1_f4,12180,1
s2_f4,12180,1
s3_f4,12180,1
s4_f4,12180,1
s1_h5,12180,1
s2_h5,12180,1
s3_h5,12180,1
s4_h5,12180,1
s1_f5,12180,1
s2_f5,12180,1
s3_f5,12180,1
s4_f5,12180,1
s1_h1,12320,85
s2_h1,12320,86
s3_h1,12320,85
s4_h1,12320,85
s1_f1,12320,1
s2_f1,12320,1
s3_f1,12320,1
s4_f1,12320,1
s1_h2,12320,1
s2_h2,12320,1
s3_h2,12320,1
s4_h2,12320,1
s1_f2,12320,1
s2_f2,12320,1
s3_f2,12320,1
s4_f2,12320,1
s1_h3,12320,1
s2_h3,12320,1
s3_h3,12320,1
s4_h3,12320,1
s1_f3,12320,1
s2_f3,12320,1
s3_f3,12320,1
s4_f3,12320,1
s1_h4,12320,1
s2_h4,12320,1
s3_h4,12320,1
s4_h4,12320,1
s1_f4,12320,1
s2_f4,12320,1
s3_f4,12320,1
s4_f4,12320,1
s1_h5,12320,1
s2_h5,12320,1
s3_h5,12320,1
s4_h5,12320,1
s1_f5,12320,1
s2_f5,12320,1
s3_f5,12320,1
s4_f5,12320,1
s1_h1,12460,86
s2_h1,12460,87
s3_h1,12460,86
s4_h1,12460,86
s1_f1,12460,1
s2_f1,12460,1
s3_f1,12460,1
s4_f1,12460,1
s1_h2,12460,1
s2_h2,12460,1
s3_h2,12460,1
s4_h2,12460,1
s1_f2,12460,1
s2_f2,12460,1
s3_f2,12460,1
s4_f2,12460,1
s1_h3,12460,1
s2_h3,12460,1
s3_h3,12460,1
s4_h3,12460,1
s1_f3,12460,1
s2_f3,12460,1
s3_f3,12460,1
s4_f3,12460,1
s1_h4,12460,2
s2_h4,12460,2
s3_h4,12460,2
s4_h4,12460,2
s1_f4,12460,1
s2_f4,12460,1
s3_f4,12460,1
s4_f4,12460,1
s1_h5,12460,1
s2_h5,12460,1
s3_h5,12460,1
s4_h5,12460,1
s1_f5,12460,1
s2_f5,12460,1
s3_f5,12460,1
s4_f5,12460,1
s1_h1,12600,87
s2_h1,12600,88
s3_h1,12600,87
s4_h1,12600,87
s1_f1,12600,1
s2_f1,12600,1
s3_f1,12600,1
s4_f1,12600,1
s1_h2,12600,1
s2_h2,12600,1
s3_h2,12600,1
s4_h2,12600,1
s1_f2,12600,1
s2_f2,12600,1
s3_f2,12600,1
s4_f2,12600,1
s1_h3,12600,1
s2_h3,12600,1
s3_h3,12600,1
s4_h3,12600,1
s1_f3,12600,1
s2_f3,12600,1
s3_f3,12600,1
s4_f3,12600,1
s1_h4,12600,1
s2_h4,12600,1
s3_h4,12600,1
s4_h4,12600,1
s1_f4,12600,1
s2_f4,12600,1
s3_f4,12600,1
s4_f4,12600,1
s1_h5,12600,1
s2_h5,12600,1
s3_h5,12600,1
s4_h5,12600,1
s1_f5,12600,1
s2_f5,12600,1
s3_f5,12600,1
s4_f5,12600,1
s1_h1,12740,88
s2_h1,12740,89
s3_h1,12740,88
s4_h1,12740,88
s1_f1,12740,1
s2_f1,12740,1
s3_f1,12740,1
s4_f1,12740,1
s1_h2,12740,1
s2_h2,12740,1
s3_h2,12740,1
s4_h2,12740,1
s1_f2,12740,1
s2_f2,12740,1
s3_f2,12740,1
s4_f2,12740,1
s1_h3,12740,1
s2_h3,12740,1
s3_h3,12740,1
s4_h3,12740,1
s1_f3,12740,1
s2_f3,12740,1
s3_f3,12740,1
s4_f3,12740,1
s1_h4,12740,1
s2_h4,12740,1
s3_h4,12740,1
s4_h4,12740,1
s1_f4,12740,1
s2_f4,12740,1
s3_f4,12740,1
s4_f4,12740,1
s1_h5,12740,1
s2_h5,12740,1
s3_h5,12740,1
s4_h5,12740,1
s1_f5,12740,1
s2_f5,12740,1
s3_f5,12740,1
s4_f5,12740,1
s1_h1,12880,89
s2_h1,12880,90
s3_h1,12880,89
s4_h1,12880,89
s1_f1,12880,1
s2_f1,12880,1
s3_f1,12880,1
s4_f1,12880,1
s1_h2,12880,1
s2_h2,12880,1
s3_h2,12880,1
s4_h2,12880,1
s1_f2,12880,1
s2_f2,12880,1
s3_f2,12880,1
s4_f2,12880,1
s1_h3,12880,1
s2_h3,12880,1
s3_h3,12880,1
s4_h3,12880,1
s1_f3,12880,1
s2_f3,12880,1
s3_f3,12880,1
s4_f3,12880,1
s1_h4,12880,1
s2_h4,12880,1
s3_h4,12880,1
s4_h4,12880,1
s1_f4,12880,1
s2_f4,12880,1
s3_f4,12880,1
s4_f4,12880,1
s1_h5,12880,1
s2_h5,12880,1
s3_h5,12880,1
s4_h5,12880,1
s1_f5,12880,1
s2_f5,12880,1
s3_f5,12880,1
s4_f5,12880,1
s1_h1,13020,90
s2_h1,13020,91
s3_h1,13020,90
s4_h1,13020,90
s1_f1,13020,1
s2_f1,13020,1
s3_f1,13020,1
s4_f1,13020,1
s1_h2,13020,1
s2_h2,13020,1
s3_h2,13020,1
s4_h2,13020,1
s1_f2,13020,1
s2_f2,13020,1
s3_f2,13020,1
s4_f2,13020,1
s1_h3,13020,1
s2_h3,13020,1
s3_h3,13020,1
s4_h3,13020,1
s1_f3,13020,1
s2_f3,13020,1
s3_f3,13020,1
s4_f3,13020,1
s1_h4,13020,1
s2_h4,13020,1
s3_h4,13020,1
s4_h4,13020,1
s1_f4,13020,1
s2_f4,13020,1
s3_f4,13020,1
s4_f4,13020,1
s1_h5,13020,1
s2_h5,13020,1
s3_h5,13020,1
s4_h5,13020,1
s1_f5,13020,1
s2_f5,13020,1
s3_f5,13020,1
s4_f5,13020,1
s1_h1,13160,91
s2_h1,13160,92
s3_h1,13160,91
s4_h1,13160,91
s1_f1,13160,1
s2_f1,13160,1
s3_f1,13160,1
s4_f1,13160,1
s1_h2,13160,1
s2_h2,13160,1
s3_h2,13160,1
s4_h2,13160,1
s1_f2,13160,1
s2_f2,13160,1
s3_f2,13160,1
s4_f2,13160,1
s1_h3,13160,1
s2_h3,13160,1
s3_h3,13160,1
s4_h3,13160,1
s1_f3,13160,1
s2_f3,13160,1
s3_f3,13160,1
s4_f3,13160,1
s1_h4,13160,1
s2_h4,13160,1
s3_h4,13160,1
s4_h4,13160,1
s1_f4,13160,1
s2_f4,13160,1
s3_f4,13160,1
s4_f4,13160,1
s1_h5,13160,1
s2_h5,13160,1
s3_h5,13160,1
s4_h5,13160,1
s1_f5,13160,1
s2_f5,13160,1
s3_f5,13160,1
s4_f5,13160,1
s1_h1,13300,92
s2_h1,13300,93
s3_h1,13300,92
s4_h1,13300,92
s1_f1,13300,1
s2_f1,13300,1
s3_f1,13300,1
s4_f1,13300,1
s1_h2,13300,1
s2_h2,13300,1
s3_h2,13300,1
s4_h2,13300,1
s1_f2,13300,1
s2_f2,13300,1
s3_f2,13300,1
s4_f2,13300,1
s1_h3,13300,1
s2_h3,13300,1
s3_h3,13300,1
s4_h3,13300,1
s1_f3,13300,1
s2_f3,13300,1
s3_f3,13300,1
s4_f3,13300,1
s1_h4,13300,1
s2_h4,13300,1
s3_h4,13300,1
s4_h4,13300,1
s1_f4,13300,1
s2_f4,13300,1
s3_f4,13300,1
s4_f4,13300,1
s1_h5,13300,2
s2_h5,13300,2
s3_h5,13300,2
s4_h5,13300,2
s1_f5,13300,2
s2_f5,13300,2
s3_f5,13300,2
s4_f5,13300,2
s1_h1,13440,93
s2_h1,13440,94
s3_h1,13440,93
s4_h1,13440,93
s1_f1,13440,1
s2_f1,13440,1
s3_f1,13440,1
s4_f1,13440,1
s1_h2,13440,1
s2_h2,13440,1
s3_h2,13440,1
s4_h2,13440,1
s1_f2,13440,1
s2_f2,13440,1
s3_f2,13440,1
s4_f2,13440,1
s1_h3,13440,1
s2_h3,13440,1
s3_h3,13440,1
s4_h3,13440,1
s1_f3,13440,1
s2_f3,13440,1
s3_f3,13440,1
s4_f3,13440,1
s1_h4,13440,2
s2_h4,13440,2
s3_h4,13440,2
s4_h4,13440,2
s1_f4,13440,1
s2_f4,13440,1
s3_f4,13440,1
s4_f4,13440,1
s1_h5,13440,1
s2_h5,13440,1
s3_h5,13440,1
s4_h5,13440,1
s1_f5,13440,1
s2_f5,13440,1
s3_f5,13440,1
s4_f5,13440,1
s1_h1,13580,94
s2_h1,13580,95
s3_h1,13580,94
s4_h1,13580,94
s1_f1,13580,1
s2_f1,13580,1
s3_f1,13580,1
s4_f1,13580,1
s1_h2,13580,1
s2_h2,13580,1
s3_h2,13580,1
s4_h2,13580,1
s1_f2,13580,1
s2_f2,13580,1
s3_f2,13580,1
s4_f2,13580,1
s1_h3,13580,1
s2_h3,13580,1
s3_h3,13580,1
s4_h3,13580,1
s1_f3,13580,1
s2_f3,13580,1
s3_f3,13580,1
s4_f3,13580,1
s1_h4,13580,1
s2_h4,13580,1
s3_h4,13580,1
s4_h4,13580,1
s1_f4,13580,1
s2_f4,13580,1
s3_f4,13580,1
s4_f4,13580,1
s1_h5,13580,1
s2_h5,13580,1
s3_h5,13580,1
s4_h5,13580,1
s1_f5,13580,1
s2_f5,13580,1
s3_f5,13580,1
s4_f5,13580,1
s1_h1,13720,95
s2_h1,13720,96
s3_h1,13720,95
s4_h1,13720,95
s1_f1,13720,1
s2_f1,13720,1
s3_f1,13720,1
s4_f1,13720,1
s1_h2,13720,1
s2_h2,13720,1
s3_h2,13720,1
s4_h2,13720,1
s1_f2,13720,1
s2_f2,13720,1
s3_f2,13720,1
s4_f2,13720,1
s1_h3,13720,2
s2_h3,13720,2
s3_h3,13720,2
s4_h3,13720,2
s1_f3,13720,1
s2_f3,13720,1
s3_f3,13720,1
s4_f3,13720,1
s1_h4,13720,1
s2_h4,13720,1
s3_h4,13720,1
s4_h4,13720,1
s1_f4,13720,1
s2_f4,13720,1
s3_f4,13720,1
s4_f4,13720,1
s1_h5,13720,1
s2_h5,13720,1
s3_h5,13720,1
s4_h5,13720,1
s1_f5,13720,1
s2_f5,13720,1
s3_f5,13720,1
s4_f5,13720,1
s1_h1,13860,96
s2_h1,13860,97
s3_h1,13860,96
s4_h1,13860,96
s1_f1,13860,1
s2_f1,13860,1
s3_f1,13860,1
s4_f1,13860,1
s1_h2,13860,1
s2_h2,13860,1
s3_h2,13860,1
s4_h2,13860,1
s1_f2,13860,1
s2_f2,13860,1
s3_f2,13860,1
s4_f2,13860,1
s1_h3,13860,1
s2_h3,13860,1
s3_h3,13860,1
s4_h3,13860,1
s1_f3,13860,1
s2_f3,13860,1
s3_f3,13860,1
s4_f3,13860,1
s1_h4,13860,1
s2_h4,13860,1
s3_h4,13860,1
s4_h4,13860,1
s1_f4,13860,1
s2_f4,13860,1
s3_f4,13860,1
s4_f4,13860,1
s1_h5,13860,1
s2_h5,13860,1
s3_h5,13860,1
s4_h5,13860,1
s1_f5,13860,1
s2_f5,13860,1
s3_f5,13860,1
s4_f5,13860,1
s1_h1,14000,97
s2_h1,14000,98
s3_h1,14000,97
s4_h1,14000,97
s1_f1,14000,1
s2_f1,14000,1
s3_f1,14000,1
s4_f1,14000,1
s1_h2,14000,1
s2_h2,14000,1
s3_h2,14000,1
s4_h2,14000,1
s1_f2,14000,1
s2_f2,14000,1
s3_f2,14000,1
s4_f2,14000,1
s1_h3,14000,1
s2_h3,14000,1
s3_h3,14000,1
s4_h3,14000,1
s1_f3,14000,1
s2_f3,14000,1
s3_f3,14000,1
s4_f3,14000,1
s1_h4,14000,1
s2_h4,14000,1
s3_h4,14000,1
s4_h4,14000,1
s1_f4,14000,1
s2_f4,14000,1
s3_f4,14000,1
s4_f4,14000,1
s1_h5,14000,1
s2_h5,14000,1
s3_h5,14000,1
s4_h5,14000,1
s1_f5,14000,1
s2_f5,14000,1
s3_f5,14000,1
s4_f5,14000,1
s1_h1,14140,98
s2_h1,14140,99
s3_h1,14140,98
s4_h1,14140,98
s1_f1,14140,1
s2_f1,14140,1
s3_f1,14140,1
s4_f1,14140,1
s1_h2,14140,1
s2_h2,14140,1
s3_h2,14140,1
s4_h2,14140,1
s1_f2,14140,1
s2_f2,14140,1
s3_f2,14140,1
s4_f2,14140,1
s1_h3,14140,1
s2_h3,14140,1
s3_h3,14140,1
s4_h3,14140,1
s1_f3,14140,1
s2_f3,14140,1
s3_f3,14140,1
s4_f3,14140,1
s1_h4,14140,1
s2_h4,14140,1
s3_h4,14140,1
s4_h4,14140,1
s1_f4,14140,1
s2_f4,14140,1
s3_f4,14140,1
s4_f4,14140,1
s1_h5,14140,1
s2_h5,14140,1
s3_h5,14140,1
s4_h5,14140,1
s1_f5,14140,1
s2_f5,14140,1
s3_f5,14140,1
s4_f5,14140,1
s1_h1,14280,99
s2_h1,14280,100
s3_h1,14280,99
s4_h1,14280,99
s1_f1,14280,1
s2_f1,14280,1
s3_f1,14280,1
s4_f1,14280,1
s1_h2,14280,1
s2_h2,14280,1
s3_h2,14280,1
s4_h2,14280,1
s1_f2,14280,1
s2_f2,14280,1
s3_f2,14280,1
s4_f2,14280,1
s1_h3,14280,1
s2_h3,14280,1
s3_h3,14280,1
s4_h3,14280,1
s1_f3,14280,1
s2_f3,14280,1
s3_f3,14280,1
s4_f3,14280,1
s1_h4,14280,1
s2_h4,14280,1
s3_h4,14280,1
s4_h4,14280,1
s1_f4,14280,1
s2_f4,14280,1
s3_f4,14280,1
s4_f4,14280,1
s1_h5,14280,1
s2_h5,14280,1
s3_h5,14280,1
s4_h5,14280,1
s1_f5,14280,1
s2_f5,14280,1
s3_f5,14280,1
s4_f5,14280,1
s1_h1,14420,100
s2_h1,14420,100
s3_h1,14420,100
s4_h1,14420,100
s1_f1,14420,1
s2_f1,14420,1
s3_f1,14420,1
s4_f1,14420,1
s1_h2,14420,1
s2_h2,14420,1
s3_h2,14420,1
s4_h2,14420,1
s1_f2,14420,1
s2_f2,14420,1
s3_f2,14420,1
s4_f2,14420,1
s1_h3,14420,1
s2_h3,14420,1
s3_h3,14420,1
s4_h3,14420,1
s1_f3,14420,1
s2_f3,14420,1
s3_f3,14420,1
s4_f3,14420,1
s1_h4,14420,1
s2_h4,14420,1
s3_h4,14420,1
s4_h4,14420,1
s1_f4,14420,1
s2_f4,14420,1
s3_f4,14420,1
s4_f4,14420,1
s1_h5,14420,1
s2_h5,14420,1
s3_h5,14420,1
s4_h5,14420,1
s1_f5,14420,1
s2_f5,14420,1
s3_f5,14420,1
s4_f5,14420,1
s1_h1,14560,100
s2_h1,14560,100
s3_h1,14560,100
s4_h1,14560,100
s1_f1,14560,1
s2_f1,14560,1
s3_f1,14560,1
s4_f1,14560,1
s1_h2,14560,1
s2_h2,14560,1
s3_h2,14560,1
s4_h2,14560,1
s1_f2,14560,1
s2_f2,14560,1
s3_f2,14560,1
s4_f2,14560,1
s1_h3,14560,1
s2_h3,14560,1
s3_h3,14560,1
s4_h3,14560,1
s1_f3,14560,1
s2_f3,14560,1
s3_f3,14560,1
s4_f3,14560,1
s1_h4,14560,1
s2_h4,14560,1
s3_h4,14560,1
s4_h4,14560,1
s1_f4,14560,1
s2_f4,14560,1
s3_f4,14560,1
s4_f4,14560,1
s1_h5,14560,1
s2_h5,14560,1
s3_h5,14560,1
s4_h5,14560,1
s1_f5,14560,1
s2_f5,14560,1
s3_f5,14560,1
s4_f5,14560,1
s1_h1,14700,100
s2_h1,14700,100
s3_h1,14700,100
s4_h1,14700,100
s1_f1,14700,1
s2_f1,14700,1
s3_f1,14700,1
s4_f1,14700,1
s1_h2,14700,1
s2_h2,14700,1
s3_h2,14700,1
s4_h2,14700,1
s1_f2,14700,1
s2_f2,14700,1
s3_f2,14700,1
s4_f2,14700,1
s1_h3,14700,1
s2_h3,14700,1
s3_h3,14700,1
s4_h3,14700,1
s1_f3,14700,1
s2_f3,14700,1
s3_f3,14700,1
s4_f3,14700,1
s1_h4,14700,1
s2_h4,14700,1
s3_h4,14700,1
s4_h4,14700,1
s1_f4,14700,1
s2_f4,14700,1
s3_f4,14700,1
s4_f4,14700,1
s1_h5,14700,2
s2_h5,14700,2
s3_h5,14700,2
s4_h5,14700,2
s1_f5,14700,1
s2_f5,14700,1
s3_f5,14700,1
s4_f5,14700,1
s1_h1,14840,100
s2_h1,14840,100
s3_h1,14840,100
s4_h1,14840,100
s1_f1,14840,1
s2_f1,14840,1
s3_f1,14840,1
s4_f1,14840,1
s1_h2,14840,1
s2_h2,14840,1
s3_h2,14840,1
s4_h2,14840,1
s1_f2,14840,1
s2_f2,14840,1
s3_f2,14840,1
s4_f2,14840,1
s1_h3,14840,1
s2_h3,14840,1
s3_h3,14840,1
s4_h3,14840,1
s1_f3,14840,1
s2_f3,14840,1
s3_f3,14840,1
s4_f3,14840,1
s1_h4,14840,2
s2_h4,14840,2
s3_h4,14840,2
s4_h4,14840,2
s1_f4,14840,1
s2_f4,14840,1
s3_f4,14840,1
s4_f4,14840,1
s1_h5,14840,1
s2_h5,14840,1
s3_h5,14840,1
s4_h5,14840,1
s1_f5,14840,1
s2_f5,14840,1
s3_f5,14840,1
s4_f5,14840,1
s1_h1,14980,100
s2_h1,14980,100
s3_h1,14980,100
s4_h1,14980,100
s1_f1,14980,1
s2_f1,14980,1
s3_f1,14980,1
s4_f1,14980,1
s1_h2,14980,1
s2_h2,14980,1
s3_h2,14980,1
s4_h2,14980,1
s1_f2,14980,1
s2_f2,14980,1
s3_f2,14980,1
s4_f2,14980,1
s1_h3,14980,1
s2_h3,14980,1
s3_h3,14980,1
s4_h3,14980,1
s1_f3,14980,1
s2_f3,14980,1
s3_f3,14980,1
s4_f3,14980,1
s1_h4,14980,1
s2_h4,14980,1
s3_h4,14980,1
s4_h4,14980,1
s1_f4,14980,1
s2_f4,14980,1
s3_f4,14980,1
s4_f4,14980,1
s1_h5,14980,1
s2_h5,14980,1
s3_h5,14980,1
s4_h5,14980,1
s1_f5,14980,1
s2_f5,14980,1
s3_f5,14980,1
s4_f5,14980,1
s1_h1,15120,100
s2_h1,15120,100
s3_h1,15120,100
s4_h1,15120,100
s1_f1,15120,1
s2_f1,15120,1
s3_f1,15120,1
s4_f1,15120,1
s1_h2,15120,1
s2_h2,15120,1
s3_h2,15120,1
s4_h2,15120,1
s1_f2,15120,1
s2_f2,15120,1
s3_f2,15120,1
s4_f2,15120,1
s1_h3,15120,1
s2_h3,15120,1
s3_h3,15120,1
s4_h3,15120,1
s1_f3,15120,1
s2_f3,15120,1
s3_f3,15120,1
s4_f3,15120,1
s1_h4,15120,1
s2_h4,15120,1
s3_h4,15120,1
s4_h4,15120,1
s1_f4,15120,1
s2_f4,15120,1
s3_f4,15120,1
s4_f4,15120,1
s1_h5,15120,1
s2_h5,15120,1
s3_h5,15120,1
s4_h5,15120,1
s1_f5,15120,1
s2_f5,15120,1
s3_f5,15120,1
s4_f5,15120,1
s1_h1,15260,100
s2_h1,15260,100
s3_h1,15260,100
s4_h1,15260,100
s1_f1,15260,1
s2_f1,15260,1
s3_f1,15260,1
s4_f1,15260,1
s1_h2,15260,1
s2_h2,15260,1
s3_h2,15260,1
s4_h2,15260,1
s1_f2,15260,1
s2_f2,15260,1
s3_f2,15260,1
s4_f2,15260,1
s1_h3,15260,1
s2_h3,15260,1
s3_h3,15260,1
s4_h3,15260,1
s1_f3,15260,1
s2_f3,15260,1
s3_f3,15260,1
s4_f3,15260,1
s1_h4,15260,1
s2_h4,15260,1
s3_h4,15260,1
s4_h4,15260,1
s1_f4,15260,1
s2_f4,15260,1
s3_f4,15260,1
s4_f4,15260,1
s1_h5,15260,1
s2_h5,15260,1
s3_h5,15260,1
s4_h5,15260,1
s1_f5,15260,1
s2_f5,15260,1
s3_f5,15260,1
s4_f5,15260,1
s1_h1,15400,100
s2_h1,15400,100
s3_h1,15400,100
s4_h1,15400,100
s1_f1,15400,1
s2_f1,15400,1
s3_f1,15400,1
s4_f1,15400,1
s1_h2,15400,1
s2_h2,15400,1
s3_h2,15400,1
s4_h2,15400,1
s1_f2,15400,1
s2_f2,15400,1
s3_f2,15400,1
s4_f2,15400,1
s1_h3,15400,1
s2_h3,15400,1
s3_h3,15400,1
s4_h3,15400,1
s1_f3,15400,1
s2_f3,15400,1
s3_f3,15400,1
s4_f3,15400,1
s1_h4,15400,1
s2_h4,15400,1
s3_h4,15400,1
s4_h4,15400,1
s1_f4,15400,1
s2_f4,15400,1
s3_f4,15400,1
s4_f4,15400,1
s1_h5,15400,1
s2_h5,15400,1
s3_h5,15400,1
s4_h5,15400,1
s1_f5,15400,1
s2_f5,15400,1
s3_f5,15400,1
s4_f5,15400,1
s1_h1,15540,100
s2_h1,15540,100
s3_h1,15540,100
s4_h1,15540,100
s1_f1,15540,1
s2_f1,15540,1
s3_f1,15540,1
s4_f1,15540,1
s1_h2,15540,1
s2_h2,15540,1
s3_h2,15540,1
s4_h2,15540,1
s1_f2,15540,1
s2_f2,15540,1
s3_f2,15540,1
s4_f2,15540,1
s1_h3,15540,1
s2_h3,15540,1
s3_h3,15540,1
s4_h3,15540,1
s1_f3,15540,1
s2_f3,15540,1
s3_f3,15540,1
s4_f3,15540,1
s1_h4,15540,1
s2_h4,15540,1
s3_h4,15540,1
s4_h4,15540,1
s1_f4,15540,1
s2_f4,15540,1
s3_f4,15540,1
s4_f4,15540,1
s1_h5,15540,1
s2_h5,15540,1
s3_h5,15540,1
s4_h5,15540,1
s1_f5,15540,1
s2_f5,15540,1
s3_f5,15540,1
s4_f5,15540,1
s1_h1,15680,100
s2_h1,15680,100
s3_h1,15680,100
s4_h1,15680,100
s1_f1,15680,1
s2_f1,15680,1
s3_f1,15680,1
s4_f1,15680,1
s1_h2,15680,1
s2_h2,15680,1
s3_h2,15680,1
s4_h2,15680,1
s1_f2,15680,1
s2_f2,15680,1
s3_f2,15680,1
s4_f2,15680,1
s1_h3,15680,1
s2_h3,15680,1
s3_h3,15680,1
s4_h3,15680,1
s1_f3,15680,1
s2_f3,15680,1
s3_f3,15680,1
s4_f3,15680,1
s1_h4,15680,1
s2_h4,15680,1
s3_h4,15680,1
s4_h4,15680,1
s1_f4,15680,1
s2_f4,15680,1
s3_f4,15680,1
s4_f4,15680,1
s1_h5,15680,2
s2_h5,15680,2
s3_h5,15680,2
s4_h5,15680,2
s1_f5,15680,1
s2_f5,15680,1
s3_f5,15680,1
s4_f5,15680,1
s1_h1,15820,100
s2_h1,15820,100
s3_h1,15820,100
s4_h1,15820,100
s1_f1,15820,1
s2_f1,15820,1
s3_f1,15820,1
s4_f1,15820,1
s1_h2,15820,1
s2_h2,15820,1
s3_h2,15820,1
s4_h2,15820,1
s1_f2,15820,1
s2_f2,15820,1
s3_f2,15820,1
s4_f2,15820,1
s1_h3,15820,1
s2_h3,15820,1
s3_h3,15820,1
s4_h3,15820,1
s1_f3,15820,1
s2_f3,15820,1
s3_f3,15820,1
s4_f3,15820,1
s1_h4,15820,2
s2_h4,15820,2
s3_h4,15820,2
s4_h4,15820,2
s1_f4,15820,1
s2_f4,15820,1
s3_f4,15820,1
s4_f4,15820,1
s1_h5,15820,1
s2_h5,15820,1
s3_h5,15820,1
s4_h5,15820,1
s1_f5,15820,1
s2_f5,15820,1
s3_f5,15820,1
s4_f5,15820,1
s1_h1,15960,100
s2_h1,15960,100
s3_h1,15960,100
s4_h1,15960,100
s1_f1,15960,1
s2_f1,15960,1
s3_f1,15960,1
s4_f1,15960,1
s1_h2,15960,1
s2_h2,15960,1
s3_h2,15960,1
s4_h2,15960,1
s1_f2,15960,1
s2_f2,15960,1
s3_f2,15960,1
s4_f2,15960,1
s1_h3,15960,1
s2_h3,15960,1
s3_h3,15960,1
s4_h3,15960,1
s1_f3,15960,1
s2_f3,15960,1
s3_f3,15960,1
s4_f3,15960,1
s1_h4,15960,1
s2_h4,15960,1
s3_h4,15960,1
s4_h4,15960,1
s1_f4,15960,1
s2_f4,15960,1
s3_f4,15960,1
s4_f4,15960,1
s1_h5,15960,1
s2_h5,15960,1
s3_h5,15960,1
s4_h5,15960,1
s1_f5,15960,1
s2_f5,15960,1
s3_f5,15960,1
s4_f5,15960,1
s1_h1,16100,100
s2_h1,16100,100
s3_h1,16100,100
s4_h1,16100,100
s1_f1,16100,1
s2_f1,16100,1
s3_f1,16100,1
s4_f1,16100,1
s1_h2,16100,1
s2_h2,16100,1
s3_h2,16100,1
s4_h2,16100,1
s1_f2,16100,1
s2_f2,16100,1
s3_f2,16100,1
s4_f2,16100,1
s1_h3,16100,1
s2_h3,16100,1
s3_h3,16100,1
s4_h3,16100,1
s1_f3,16100,1
s2_f3,16100,1
s3_f3,16100,1
s4_f3,16100,1
s1_h4,16100,1
s2_h4,16100,1
s3_h4,16100,1
s4_h4,16100,1
s1_f4,16100,1
s2_f4,16100,1
s3_f4,16100,1
s4_f4,16100,1
s1_h5,16100,2
s2_h5,16100,2
s3_h5,16100,2
s4_h5,16100,2
s1_f5,16100,1
s2_f5,16100,1
s3_f5,16100,1
s4_f5,16100,1
s1_h1,16240,100
s2_h1,16240,100
s3_h1,16240,100
s4_h1,16240,100
s1_f1,16240,1
s2_f1,16240,1
s3_f1,16240,1
s4_f1,16240,1
s1_h2,16240,1
s2_h2,16240,1
s3_h2,16240,1
s4_h2,16240,1
s1_f2,16240,1
s2_f2,16240,1
s3_f2,16240,1
s4_f2,16240,1
s1_h3,16240,1
s2_h3,16240,1
s3_h3,16240,1
s4_h3,16240,1
s1_f3,16240,1
s2_f3,16240,1
s3_f3,16240,1
s4_f3,16240,1
s1_h4,16240,2
s2_h4,16240,2
s3_h4,16240,2
s4_h4,16240,2
s1_f4,16240,1
s2_f4,16240,1
s3_f4,16240,1
s4_f4,16240,1
s1_h5,16240,1
s2_h5,16240,1
s3_h5,16240,1
s4_h5,16240,1
s1_f5,16240,1
s2_f5,16240,1
s3_f5,16240,1
s4_f5,16240,1
s1_h1,16380,100
s2_h1,16380,100
s3_h1,16380,100
s4_h1,16380,100
s1_f1,16380,1
s2_f1,16380,1
s3_f1,16380,1
s4_f1,16380,1
s1_h2,16380,1
s2_h2,16380,1
s3_h2,16380,1
s4_h2,16380,1
s1_f2,16380,1
s2_f2,16380,1
s3_f2,16380,1
s4_f2,16380,1
s1_h3,16380,1
s2_h3,16380,1
s3_h3,16380,1
s4_h3,16380,1
s1_f3,16380,1
s2_f3,16380,1
s3_f3,16380,1
s4_f3,16380,1
s1_h4,16380,1
s2_h4,16380,1
s3_h4,16380,1
s4_h4,16380,1
s1_f4,16380,1
s2_f4,16380,1
s3_f4,16380,1
s4_f4,16380,1
s1_h5,16380,1
s2_h5,16380,1
s3_h5,16380,1
s4_h5,16380,1
s1_f5,16380,1
s2_f5,16380,1
s3_f5,16380,1
s4_f5,16380,1
s1_h1,16520,100
s2_h1,16520,100
s3_h1,16520,100
s4_h1,16520,100
s1_f1,16520,1
s2_f1,16520,1
s3_f1,16520,1
s4_f1,16520,1
s1_h2,16520,1
s2_h2,16520,1
s3_h2,16520,1
s4_h2,16520,1
s1_f2,16520,1
s2_f2,16520,1
s3_f2,16520,1
s4_f2,16520,1
s1_h3,16520,1
s2_h3,16520,1
s3_h3,16520,1
s4_h3,16520,1
s1_f3,16520,1
s2_f3,16520,1
s3_f3,16520,1
s4_f3,16520,1
s1_h4,16520,1
s2_h4,16520,1
s3_h4,16520,1
s4_h4,16520,1
s1_f4,16520,1
s2_f4,16520,1
s3_f4,16520,1
s4_f4,16520,1
s1_h5,16520,1
s2_h5,16520,1
s3_h5,16520,1
s4_h5,16520,1
s1_f5,16520,1
s2_f5,16520,1
s3_f5,16520,1
s4_f5,16520,1
s1_h1,16660,100
s2_h1,16660,100
s3_h1,16660,100
s4_h1,16660,100
s1_f1,16660,1
s2_f1,16660,1
s3_f1,16660,1
s4_f1,16660,1
s1_h2,16660,1
s2_h2,16660,1
s3_h2,16660,1
s4_h2,16660,1
s1_f2,16660,1
s2_f2,16660,1
s3_f2,16660,1
s4_f2,16660,1
s1_h3,16660,1
s2_h3,16660,1
s3_h3,16660,1
s4_h3,16660,1
s1_f3,16660,1
s2_f3,16660,1
s3_f3,16660,1
s4_f3,16660,1
s1_h4,16660,1
s2_h4,16660,1
s3_h4,16660,1
s4_h4,16660,1
s1_f4,16660,1
s2_f4,16660,1
s3_f4,16660,1
s4_f4,16660,1
s1_h5,16660,1
s2_h5,16660,1
s3_h5,16660,1
s4_h5,16660,1
s1_f5,16660,1
s2_f5,16660,1
s3_f5,16660,1
s4_f5,16660,1
s1_h1,16800,100
s2_h1,16800,100
s3_h1,16800,100
s4_h1,16800,100
s1_f1,16800,1
s2_f1,16800,1
s3_f1,16800,1
s4_f1,16800,1
s1_h2,16800,1
s2_h2,16800,1
s3_h2,16800,1
s4_h2,16800,1
s1_f2,16800,1
s2_f2,16800,1
s3_f2,16800,1
s4_f2,16800,1
s1_h3,16800,1
s2_h3,16800,1
s3_h3,16800,1
s4_h3,16800,1
s1_f3,16800,1
s2_f3,16800,1
s3_f3,16800,1
s4_f3,16800,1
s1_h4,16800,1
s2_h4,16800,1
s3_h4,16800,1
s4_h4,16800,1
s1_f4,16800,1
s2_f4,16800,1
s3_f4,16800,1
s4_f4,16800,1
s1_h5,16800,1
s2_h5,16800,1
s3_h5,16800,1
s4_h5,16800,1
s1_f5,16800,1
s2_f5,16800,1
s3_f5,16800,1
s4_f5,16800,1
s1_h1,16940,100
s2_h1,16940,100
s3_h1,16940,100
s4_h1,16940,100
s1_f1,16940,1
s2_f1,16940,1
s3_f1,16940,1
s4_f1,16940,1
s1_h2,16940,1
s2_h2,16940,1
s3_h2,16940,1
s4_h2,16940,1
s1_f2,16940,1
s2_f2,16940,1
s3_f2,16940,1
s4_f2,16940,1
s1_h3,16940,1
s2_h3,16940,1
s3_h3,16940,1
s4_h3,16940,1
s1_f3,16940,1
s2_f3,16940,1
s3_f3,16940,1
s4_f3,16940,1
s1_h4,16940,1
s2_h4,16940,1
s3_h4,16940,1
s4_h4,16940,1
s1_f4,16940,1
s2_f4,16940,1
s3_f4,16940,1
s4_f4,16940,1
s1_h5,16940,1
s2_h5,16940,1
s3_h5,16940,1
s4_h5,16940,1
s1_f5,16940,1
s2_f5,16940,1
s3_f5,16940,1
s4_f5,16940,1
s1_h1,17080,100
s2_h1,17080,100
s3_h1,17080,100
s4_h1,17080,100
s1_f1,17080,1
s2_f1,17080,1
s3_f1,17080,1
s4_f1,17080,1
s1_h2,17080,1
s2_h2,17080,1
s3_h2,17080,1
s4_h2,17080,1
s1_f2,17080,1
s2_f2,17080,1
s3_f2,17080,1
s4_f2,17080,1
s1_h3,17080,1
s2_h3,17080,1
s3_h3,17080,1
s4_h3,17080,1
s1_f3,17080,1
s2_f3,17080,1
s3_f3,17080,1
s4_f3,17080,1
s1_h4,17080,1
s2_h4,17080,1
s3_h4,17080,1
s4_h4,17080,1
s1_f4,17080,1
s2_f4,17080,1
s3_f4,17080,1
s4_f4,17080,1
s1_h5,17080,1
s2_h5,17080,1
s3_h5,17080,1
s4_h5,17080,1
s1_f5,17080,1
s2_f5,17080,1
s3_f5,17080,1
s4_f5,17080,1
s1_h1,17220,100
s2_h1,17220,100
s3_h1,17220,100
s4_h1,17220,100
s1_f1,17220,1
s2_f1,17220,1
s3_f1,17220,1
s4_f1,17220,1
s1_h2,17220,1
s2_h2,17220,1
s3_h2,17220,1
s4_h2,17220,1
s1_f2,17220,1
s2_f2,17220,1
s3_f2,17220,1
s4_f2,17220,1
s1_h3,17220,1
s2_h3,17220,1
s3_h3,17220,1
s4_h3,17220,1
s1_f3,17220,1
s2_f3,17220,1
s3_f3,17220,1
s4_f3,17220,1
s1_h4,17220,1
s2_h4,17220,1
s3_h4,17220,1
s4_h4,17220,1
s1_f4,17220,1
s2_f4,17220,1
s3_f4,17220,1
s4_f4,17220,1
s1_h5,17220,1
s2_h5,17220,1
s3_h5,17220,1
s4_h5,17220,1
s1_f5,17220,1
s2_f5,17220,1
s3_f5,17220,1
s4_f5,17220,1
s1_h1,17360,100
s2_h1,17360,100
s3_h1,17360,100
s4_h1,17360,100
s1_f1,17360,1
s2_f1,17360,1
s3_f1,17360,1
s4_f1,17360,1
s1_h2,17360,1
s2_h2,17360,1
s3_h2,17360,1
s4_h2,17360,1
s1_f2,17360,1
s2_f2,17360,1
s3_f2,17360,1
s4_f2,17360,1
s1_h3,17360,1
s2_h3,17360,1
s3_h3,17360,1
s4_h3,17360,1
s1_f3,17360,1
s2_f3,17360,1
s3_f3,17360,1
s4_f3,17360,1
s1_h4,17360,2
s2_h4,17360,2
s3_h4,17360,2
s4_h4,17360,2
s1_f4,17360,1
s2_f4,17360,1
s3_f4,17360,1
s4_f4,17360,1
s1_h5,17360,1
s2_h5,17360,1
s3_h5,17360,1
s4_h5,17360,1
s1_f5,17360,1
s2_f5,17360,1
s3_f5,17360,1
s4_f5,17360,1
s1_h1,17500,100
s2_h1,17500,100
s3_h1,17500,100
s4_h1,17500,100
s1_f1,17500,1
s2_f1,17500,1
s3_f1,17500,1
s4_f1,17500,1
s1_h2,17500,1
s2_h2,17500,1
s3_h2,17500,1
s4_h2,17500,1
s1_f2,17500,1
s2_f2,17500,1
s3_f2,17500,1
s4_f2,17500,1
s1_h3,17500,1
s2_h3,17500,1
s3_h3,17500,1
s4_h3,17500,1
s1_f3,17500,1
s2_f3,17500,1
s3_f3,17500,1
s4_f3,17500,1
s1_h4,17500,1
s2_h4,17500,1
s3_h4,17500,1
s4_h4,17500,1
s1_f4,17500,1
s2_f4,17500,1
s3_f4,17500,1
s4_f4,17500,1
s1_h5,17500,1
s2_h5,17500,1
s3_h5,17500,1
s4_h5,17500,1
s1_f5,17500,1
s2_f5,17500,1
s3_f5,17500,1
s4_f5,17500,1
s1_h1,17640,100
s2_h1,17640,100
s3_h1,17640,100
s4_h1,17640,100
s1_f1,17640,1
s2_f1,17640,1
s3_f1,17640,1
s4_f1,17640,1
s1_h2,17640,1
s2_h2,17640,1
s3_h2,17640,1
s4_h2,17640,1
s1_f2,17640,1
s2_f2,17640,1
s3_f2,17640,1
s4_f2,17640,1
s1_h3,17640,1
s2_h3,17640,1
s3_h3,17640,1
s4_h3,17640,1
s1_f3,17640,1
s2_f3,17640,1
s3_f3,17640,1
s4_f3,17640,1
s1_h4,17640,1
s2_h4,17640,1
s3_h4,17640,1
s4_h4,17640,1
s1_f4,17640,1
s2_f4,17640,1
s3_f4,17640,1
s4_f4,17640,1
s1_h5,17640,1
s2_h5,17640,1
s3_h5,17640,1
s4_h5,17640,1
s1_f5,17640,1
s2_f5,17640,1
s3_f5,17640,1
s4_f5,17640,1
s1_h1,17780,100
s2_h1,17780,100
s3_h1,17780,100
s4_h1,17780,100
s1_f1,17780,1
s2_f1,17780,1
s3_f1,17780,1
s4_f1,17780,1
s1_h2,17780,1
s2_h2,17780,1
s3_h2,17780,1
s4_h2,17780,1
s1_f2,17780,1
s2_f2,17780,1
s3_f2,17780,1
s4_f2,17780,1
s1_h3,17780,1
s2_h3,17780,1
s3_h3,17780,1
s4_h3,17780,1
s1_f3,17780,1
s2_f3,17780,1
s3_f3,17780,1
s4_f3,17780,1
s1_h4,17780,1
s2_h4,17780,1
s3_h4,17780,1
s4_h4,17780,1
s1_f4,17780,1
s2_f4,17780,1
s3_f4,17780,1
s4_f4,17780,1
s1_h5,17780,1
s2_h5,17780,1
s3_h5,17780,1
s4_h5,17780,1
s1_f5,17780,1
s2_f5,17780,1
s3_f5,17780,1
s4_f5,17780,1
s1_h1,17920,100
s2_h1,17920,100
s3_h1,17920,100
s4_h1,17920,100
s1_f1,17920,1
s2_f1,17920,1
s3_f1,17920,1
s4_f1,17920,1
s1_h2,17920,1
s2_h2,17920,1
s3_h2,17920,1
s4_h2,17920,1
s1_f2,17920,1
s2_f2,17920,1
s3_f2,17920,1
s4_f2,17920,1
s1_h3,17920,1
s2_h3,17920,1
s3_h3,17920,1
s4_h3,17920,1
s1_f3,17920,1
s2_f3,17920,1
s3_f3,17920,1
s4_f3,17920,1
s1_h4,17920,1
s2_h4,17920,1
s3_h4,17920,1
s4_h4,17920,1
s1_f4,17920,1
s2_f4,17920,1
s3_f4,17920,1
s4_f4,17920,1
s1_h5,17920,1
s2_h5,17920,1
s3_h5,17920,1
s4_h5,17920,1
s1_f5,17920,1
s2_f5,17920,1
s3_f5,17920,1
s4_f5,17920,1
